text,language,sentiment,confidence,topic_id,topic_label,region,country,language_name,date,likes
hmmm allah dai yakyauta ya karemudaga dikkan abindai zaisamu nadamar rayiwa allah ka yayemuna wannan qunci da mukeciki a sakamakon lefukanmu,hau,positive,0.6832504272460938,4,4_wannan_allah_da_ga,West Africa,Nigeria,Hausa,2026-03-24,120
to sarakan muna furci bakwa taba fadar alkairin mutun sai sharrin sa idan xaice yace uwar ku ko kuwa,hau,negative,0.9305713772773743,-1,misc / outlier,West Africa,Nigeria,Hausa,2026-02-08,167
shawarata ga baba shine dan allah a duba talakan nigeria musamman yan arewa wallahi ana cikin mawuyacin hali yanzu sai kaga magidanci ya koma almajiri sbd kawai bashi da abin yi km ga iyaliyara kanana suna bin gidaje suna barar abin da zasu saka a bakinsu,hau,negative,0.8960492610931396,-1,misc / outlier,West Africa,Nigeria,Hausa,2026-04-12,440
nuhu abdullahi shiya dace da ita arayina nagode,hau,positive,0.521049439907074,0,0_da_ba_allah_ya,West Africa,Nigeria,Hausa,2026-06-16,163
in allah y yanka ma kazar wahala ai saika figeta,hau,negative,0.8891680836677551,0,0_da_ba_allah_ya,West Africa,Nigeria,Hausa,2026-01-13,235
wannan attach haka kmr bakya sallah kodae kina abinne,hau,negative,0.7409496307373047,1,1_da_ne_ya_na,West Africa,Nigeria,Hausa,2026-01-19,185
adam mayen mata aure xaka kara,hau,negative,0.4188033640384674,2,2_allah_ya_mana_ta,West Africa,Nigeria,Hausa,2026-07-30,401
to ita ce kalmar akafi amfani da ita misali to yane to ya kake to y lbr to ai hikkenann,hau,negative,0.641258716583252,-1,misc / outlier,West Africa,Nigeria,Hausa,2026-05-18,400
afuwan meye kutse,hau,neutral,0.7970395088195801,-1,misc / outlier,West Africa,Nigeria,Hausa,2026-01-25,305
rahama follow back ban son wayo,hau,negative,0.5843279957771301,-1,misc / outlier,West Africa,Nigeria,Hausa,2026-04-04,40
qurunqus toh mutum kuma ko shedan ne shi yanzu ai dole ya hakura koh,hau,negative,0.9292427897453308,3,3_bah_baa_mutum_ya,West Africa,Nigeria,Hausa,2026-05-30,262
idan hakane kuwa allah yasawa baba da alkhairi,hau,negative,0.586348831653595,2,2_allah_ya_mana_ta,West Africa,Nigeria,Hausa,2026-01-15,101
wannan reply din naka yayi,hau,negative,0.8126407861709595,0,0_da_ba_allah_ya,West Africa,Nigeria,Hausa,2026-08-21,200
inama ace garin mu ne,hau,negative,0.8347826600074768,1,1_da_ne_ya_na,West Africa,Nigeria,Hausa,2026-05-10,385
happy sallah allah ya maimaita mana da rai da lfy,hau,positive,0.9569244980812073,-1,misc / outlier,West Africa,Nigeria,Hausa,2026-02-24,81
ya allah duk wanda ya takura mana allah ka takura masa,hau,positive,0.9057560563087463,2,2_allah_ya_mana_ta,West Africa,Nigeria,Hausa,2026-01-10,126
sai kuma yaya sai dai kallo alaji sai baba,hau,negative,0.6198207139968872,-1,misc / outlier,West Africa,Nigeria,Hausa,2026-01-23,208
allah ya kara miki lafia yija zamaninki da nisan kwana,hau,positive,0.7721875905990601,1,1_da_ne_ya_na,West Africa,Nigeria,Hausa,2026-04-22,33
allah cigaba da tsareshi,hau,positive,0.8163554072380066,2,2_allah_ya_mana_ta,West Africa,Nigeria,Hausa,2026-04-18,332
allah ya jikan sa da rahama allah yasa aljannah ce makomar sa allah ya jadaddah rahama allah gareshi muma idan tamu tazo allah yasa mu cika da kyau imani albarkacin annabi muhammad saw,hau,positive,0.8289628028869629,0,0_da_ba_allah_ya,West Africa,Nigeria,Hausa,2026-01-18,17
wlh is a man of truth intergrity and honest ppl of kano loose amma allah yasa haka shi yafi alkhairi,hau,negative,0.5599956512451172,0,0_da_ba_allah_ya,West Africa,Nigeria,Hausa,2026-03-03,246
u look so gorgeous rahama,hau,positive,0.9335302710533142,1,1_da_ne_ya_na,West Africa,Nigeria,Hausa,2026-01-24,282
shin da gaske sarkin musilmine kuwa koh dai sarkin,hau,negative,0.6722185611724854,1,1_da_ne_ya_na,West Africa,Nigeria,Hausa,2026-05-22,278
kiso mai sonki,hau,positive,0.6648800373077393,1,1_da_ne_ya_na,West Africa,Nigeria,Hausa,2026-04-19,166
ba fada da mlm baashe har an fara buga wasan,hau,neutral,0.7084092497825623,-1,misc / outlier,West Africa,Nigeria,Hausa,2026-01-16,82
wallahi idan ba kuyi wasa ba da bakaken tutoci biu ️ zaku tashi a hannayen ku daya ta zamulci daya kuwa ta yaudara,hau,negative,0.59939044713974,0,0_da_ba_allah_ya,West Africa,Nigeria,Hausa,2026-07-31,218
muna ansar wuta a gun su buhari,hau,negative,0.8804687857627869,3,3_bah_baa_mutum_ya,West Africa,Nigeria,Hausa,2026-05-25,452
aameenallah y kara fasaha mai gd,hau,positive,0.8213648200035095,-1,misc / outlier,West Africa,Nigeria,Hausa,2026-02-01,53
yadai ba obasanjo rikun kwarya na sati hudu in yakasa sai yaba atiku sai agani shin ko laifi naina,hau,negative,0.8998904824256897,0,0_da_ba_allah_ya,West Africa,Nigeria,Hausa,2026-02-27,36
shima shugaban kasar a bamu hayarshi,hau,negative,0.7525168061256409,-1,misc / outlier,West Africa,Nigeria,Hausa,2026-06-11,135
rahama sadau turn to indian girl,hau,positive,0.6581581830978394,0,0_da_ba_allah_ya,West Africa,Nigeria,Hausa,2026-06-10,319
hahahahhaha gskia muna goyan bayan hakan,hau,negative,0.6428120732307434,2,2_allah_ya_mana_ta,West Africa,Nigeria,Hausa,2026-05-30,43
a amshi dubu gudar ku kuma ah kulle ku kaico wata miyar sai a maqota,hau,negative,0.838935375213623,-1,misc / outlier,West Africa,Nigeria,Hausa,2026-01-16,106
allah kai mana maganin wannan taaddanciameen,hau,negative,0.49941888451576233,2,2_allah_ya_mana_ta,West Africa,Nigeria,Hausa,2026-05-28,49
ki yi mu kyau,hau,positive,0.9202661514282227,1,1_da_ne_ya_na,West Africa,Nigeria,Hausa,2026-05-30,215
waimu a chuta zamu kare ne sekace kajin gidan gona,hau,neutral,0.8509138226509094,-1,misc / outlier,West Africa,Nigeria,Hausa,2026-04-12,255
mtsww koh ubanwa ya tambaye ta ohoo,hau,neutral,0.8428897857666016,1,1_da_ne_ya_na,West Africa,Nigeria,Hausa,2026-01-13,363
ayi sauri mudai please,hau,positive,0.6992204189300537,0,0_da_ba_allah_ya,West Africa,Nigeria,Hausa,2026-02-26,497
is left for u mutanen banza,hau,negative,0.8522958159446716,-1,misc / outlier,West Africa,Nigeria,Hausa,2026-01-12,228
daga baya kenan yasanda haka ya zabga mana karya yayin neman zabe,hau,neutral,0.7563484311103821,1,1_da_ne_ya_na,West Africa,Nigeria,Hausa,2026-05-23,88
subahanallahi gaskiya basu kyautaba,hau,negative,0.7166546583175659,0,0_da_ba_allah_ya,West Africa,Nigeria,Hausa,2026-08-08,119
kuma dai kai jamaa,hau,positive,0.9020506143569946,1,1_da_ne_ya_na,West Africa,Nigeria,Hausa,2026-02-04,68
ameen amma dai yaka mata mu canja halinmu ko allah zai tausaya mana ya yaye mana wannan annobah,hau,negative,0.8449345231056213,1,1_da_ne_ya_na,West Africa,Nigeria,Hausa,2026-03-16,213
innalillahi wa inna ilaihi rajiunallah yayimuna maganin masu wannan mugun aiki,hau,positive,0.9282110333442688,0,0_da_ba_allah_ya,West Africa,Nigeria,Hausa,2026-04-18,235
wai daman hakan ne hakuri ana kisan alumma shine shugabanci tir da irin wanga hali na ko in kulaa,hau,negative,0.8495023250579834,0,0_da_ba_allah_ya,West Africa,Nigeria,Hausa,2026-02-06,317
ni fa wannan presido din ba goyon bayanshi nake ba domin akwai danniya a tattare da shi,hau,negative,0.7119534611701965,4,4_wannan_allah_da_ga,West Africa,Nigeria,Hausa,2026-05-19,456
yanzu har akwai kasar da tafi nigeria cin hanci a yammacin afirka anya kuwa ba cin hancin muka bayar ba aka maida mu na biyu maimakon na daya,hau,negative,0.6090719103813171,-1,misc / outlier,West Africa,Nigeria,Hausa,2026-01-31,345
kayi irinna ibro ken dayace bazaidaina film ba sai andena fadin nepa garakaima dakafada haka,hau,negative,0.7571941614151001,0,0_da_ba_allah_ya,West Africa,Nigeria,Hausa,2026-05-27,120
wlh da gwamnati xata bani d saqon talakawa yje ga han nun su amman nasan inaaaa baxata bani ba im sure wadanda xata ba duk cinye du ne baxasu bamu ba,hau,negative,0.9260393381118774,0,0_da_ba_allah_ya,West Africa,Nigeria,Hausa,2026-03-20,382
a ina ake fafutukar mutumin da ba a san su wa su ke rike da shi ba,hau,negative,0.7378877401351929,0,0_da_ba_allah_ya,West Africa,Nigeria,Hausa,2026-05-24,275
da kyau wai dansanda ya ga rawar soja,hau,negative,0.6813542246818542,0,0_da_ba_allah_ya,West Africa,Nigeria,Hausa,2026-07-28,433
allah ya jibanci lamarin su,hau,negative,0.48993903398513794,2,2_allah_ya_mana_ta,West Africa,Nigeria,Hausa,2026-06-24,396
dan uwarsu sai da lokacin mu yaxo za a soke wannan shine matsalar spill over,hau,negative,0.9035623669624329,4,4_wannan_allah_da_ga,West Africa,Nigeria,Hausa,2026-02-16,340
thats the fact islamically ️ allah bamu ikon kiyayewa,hau,positive,0.8710646629333496,-1,misc / outlier,West Africa,Nigeria,Hausa,2026-01-27,388
allah yajikan malam allah yakai haske kabarin malam jafar duniyya abun tsoro ce allah ka rabamu da ilimi mara amfani wani ilimin dashi kwara jahillci,hau,positive,0.5445123910903931,0,0_da_ba_allah_ya,West Africa,Nigeria,Hausa,2026-05-29,62
munayinki rahama happy birthday in advance,hau,positive,0.9691885709762573,-1,misc / outlier,West Africa,Nigeria,Hausa,2026-05-27,399
lokacin farko da namu ya taba fadin abun da zaa iya rubutu akai,hau,neutral,0.8181383609771729,-1,misc / outlier,West Africa,Nigeria,Hausa,2026-06-13,430
idan kuma baa mayarba fanonsense,hau,negative,0.6842592358589172,3,3_bah_baa_mutum_ya,West Africa,Nigeria,Hausa,2026-02-18,150
zan yanki tikitin jirgi zuwa zimbabwe domin na kwasosu,hau,neutral,0.773890495300293,-1,misc / outlier,West Africa,Nigeria,Hausa,2026-04-06,150
allah sarki jiya ba yau ba,hau,negative,0.7283341288566589,0,0_da_ba_allah_ya,West Africa,Nigeria,Hausa,2026-01-25,143
champion ta kare maka yanzu kam,hau,neutral,0.8452757000923157,2,2_allah_ya_mana_ta,West Africa,Nigeria,Hausa,2026-05-21,290
shikuma yana karya covid yana ciyomana bashi,hau,negative,0.8725221157073975,0,0_da_ba_allah_ya,West Africa,Nigeria,Hausa,2026-07-02,137
wakar sa ta mu gargadi mai gina ramin mugunta dr mamman shata rahimahullah,hau,positive,0.8049042224884033,-1,misc / outlier,West Africa,Nigeria,Hausa,2026-01-17,190
kada yacanza yatafi ahaka yayi dai dai,hau,neutral,0.6239683032035828,0,0_da_ba_allah_ya,West Africa,Nigeria,Hausa,2026-05-25,130
sai a kai mata sammaci kabarinta ai,hau,neutral,0.5079525709152222,1,1_da_ne_ya_na,West Africa,Nigeria,Hausa,2026-01-16,377
gsky dai mahmud ka bada mu aci mutuncin maza sosai fa a wannan fim din duk wani iskancin sai ka samu namiji ne,hau,negative,0.8535832166671753,0,0_da_ba_allah_ya,West Africa,Nigeria,Hausa,2026-06-08,133
wai tsakanin na da wannene na gsky,hau,negative,0.8867401480674744,1,1_da_ne_ya_na,West Africa,Nigeria,Hausa,2026-02-22,101
iya aikinku iya shagalinku bbc,hau,negative,0.8258704543113708,1,1_da_ne_ya_na,West Africa,Nigeria,Hausa,2026-05-08,224
amin dai abokin figo,hau,positive,0.4710562825202942,-1,misc / outlier,West Africa,Nigeria,Hausa,2026-06-24,126
daman basu kamasuba kawai dai annemesune an rasa ne,hau,negative,0.7212179899215698,-1,misc / outlier,West Africa,Nigeria,Hausa,2026-05-17,95
to ai shi yanada aure zaki yarda kizo a ta,hau,neutral,0.8336740732192993,2,2_allah_ya_mana_ta,West Africa,Nigeria,Hausa,2026-04-20,125
yanzu na gama karanta labarin tabbas suna hannunku amma ance daya ya mutu ai a asibiti gaskia mutanen wannan unguwar kun kyauta sosai,hau,negative,0.931550145149231,1,1_da_ne_ya_na,West Africa,Nigeria,Hausa,2026-07-18,120
abba latest nakowa crypto services address zoo road kano opposite asibitin isiyaka rabiu kano state nigeria abbalatestnakowacom,hau,negative,0.8020409345626831,-1,misc / outlier,West Africa,Nigeria,Hausa,2026-03-22,78
innalillahi wainna ilaihi rajiun إِذ لم تستح فصنع م شعت annabisaw yake cewa idan dai har baku jin kunya toh kuyi duk abunda kuka gadama allah ka shiryemu da shiryuwa ka,hau,positive,0.6420539617538452,-1,misc / outlier,West Africa,Nigeria,Hausa,2026-04-30,144
in ba a garin mashaya ba a ina tantabara take laifin duka kudai kawai kuce mana zaku yanka abin bauta kuci kwadayi ta tashi,hau,negative,0.7064347863197327,0,0_da_ba_allah_ya,West Africa,Nigeria,Hausa,2026-05-30,452
bana danasani following dinku yasin,hau,negative,0.6277876496315002,0,0_da_ba_allah_ya,West Africa,Nigeria,Hausa,2026-08-25,464
masha allah ko dan temaka mai akai ai ya rageita kuma ubangiji allah ya sadata da manzon tsira itama duba da bata qyamaci wnnan bawan allan ba ita tace tana san ganinsa masha allah yyi kyau anti,hau,negative,0.8837848901748657,0,0_da_ba_allah_ya,West Africa,Nigeria,Hausa,2026-04-27,296
toh meye matsalarsu da hakan,hau,neutral,0.6377384066581726,1,1_da_ne_ya_na,West Africa,Nigeria,Hausa,2026-04-03,96
a kira mu united nation kawai,hau,negative,0.8113178610801697,0,0_da_ba_allah_ya,West Africa,Nigeria,Hausa,2026-03-18,167
innalillahi kai allah yaye musumuma nan allah kawo mana sauki allah ka kawo mana karshen masifa amin ya allah,hau,positive,0.938694953918457,2,2_allah_ya_mana_ta,West Africa,Nigeria,Hausa,2026-03-05,33
soja burgeman hankaka,hau,neutral,0.6295855045318604,1,1_da_ne_ya_na,West Africa,Nigeria,Hausa,2026-07-23,202
wasan gaba a watsa mai kaya kawai,hau,neutral,0.7351476550102234,-1,misc / outlier,West Africa,Nigeria,Hausa,2026-02-16,128
allah ya jikanshi da rahama ga ramadan ga kuma jumaa allah ya sadashi da annabi,hau,positive,0.9245709180831909,4,4_wannan_allah_da_ga,West Africa,Nigeria,Hausa,2026-06-28,125
u are always on your way up kinfi jirgin sama️success followed u back to back kamar numfashi ️,hau,positive,0.8201772570610046,-1,misc / outlier,West Africa,Nigeria,Hausa,2026-07-19,259
wannan shegiyar mata allah efcc suyii ram dah eta,hau,negative,0.7564324140548706,4,4_wannan_allah_da_ga,West Africa,Nigeria,Hausa,2026-03-04,269
gaskiya malam aminu kuna ganin mutane kala kala,hau,neutral,0.5117769837379456,2,2_allah_ya_mana_ta,West Africa,Nigeria,Hausa,2026-01-21,118
abi liman ko a canza masallaci gandujen ne dai,hau,neutral,0.6621054410934448,1,1_da_ne_ya_na,West Africa,Nigeria,Hausa,2026-05-28,332
a ina abin ya faru haka,hau,neutral,0.8935102224349976,3,3_bah_baa_mutum_ya,West Africa,Nigeria,Hausa,2026-03-18,413
ka huta sabon sarkin,hau,neutral,0.9113890528678894,1,1_da_ne_ya_na,West Africa,Nigeria,Hausa,2026-05-15,51
muna tare dasu allah ya kara yarda da damu da imanimu baba daya,hau,negative,0.6696357727050781,1,1_da_ne_ya_na,West Africa,Nigeria,Hausa,2026-05-07,334
ai yanxu aka fara,hau,neutral,0.6706256866455078,1,1_da_ne_ya_na,West Africa,Nigeria,Hausa,2026-08-13,237
bari na tuna,hau,neutral,0.8439034819602966,1,1_da_ne_ya_na,West Africa,Nigeria,Hausa,2026-03-29,18
lol baba mafa ya zama alhaji qarami ko alhaji nano ne ma oho,hau,negative,0.5541778206825256,1,1_da_ne_ya_na,West Africa,Nigeria,Hausa,2026-07-06,52
bbc hausa me yasa kuke wa ya barcelona haka,hau,neutral,0.7037850618362427,-1,misc / outlier,West Africa,Nigeria,Hausa,2026-04-25,2
allah y jikan malam ya kyautata makwanchi,hau,positive,0.9509207010269165,1,1_da_ne_ya_na,West Africa,Nigeria,Hausa,2026-03-15,243
a ina rai ya samu,hau,neutral,0.837947428226471,3,3_bah_baa_mutum_ya,West Africa,Nigeria,Hausa,2026-06-05,452
sai allah yasaka musu mugu kawai,hau,negative,0.8894422054290771,0,0_da_ba_allah_ya,West Africa,Nigeria,Hausa,2026-01-19,419
ai kuwa wallahi yana ruwa kuma ka kara hakuri amma gaskiya d sake sbd k bada maza,hau,negative,0.8052862286567688,4,4_wannan_allah_da_ga,West Africa,Nigeria,Hausa,2026-01-31,118
gsky apita daga kauye akoma birni abun yapi armashi yadda yaddaata challenge this week gsky baacewa komai yallabai,hau,negative,0.8949866890907288,-1,misc / outlier,West Africa,Nigeria,Hausa,2026-05-12,430
har ma ji kamshin soyensa,hau,positive,0.49458029866218567,2,2_allah_ya_mana_ta,West Africa,Nigeria,Hausa,2026-04-18,229
nlc dole su haukace,hau,negative,0.6392179131507874,1,1_da_ne_ya_na,West Africa,Nigeria,Hausa,2026-02-12,468
wllhy allah bazai taba gafarta matava indai bataje ta cire pics din dasuka jawo batanci ga fiyyayen halinta wllhy wannan fa janabin annabi aka taba kune kuke ganinsa karamin laifi allah wllhy baya kyale wanda yataba annabi,hau,negative,0.9047384262084961,0,0_da_ba_allah_ya,West Africa,Nigeria,Hausa,2026-07-13,191
kuci gabada hakuri allah ya na tareda ku,hau,positive,0.7925117611885071,2,2_allah_ya_mana_ta,West Africa,Nigeria,Hausa,2026-03-29,20
indai ba sambisa zaa mayar dasu ba mene na basu bindiga haba azo a gyarawa mutane titi da ko makaranta ko harkar lafiya ko ilimi da kudin da zaa sayi bindiga a basu,hau,negative,0.5189697742462158,-1,misc / outlier,West Africa,Nigeria,Hausa,2026-02-08,448
but wait o wai meye yake sawa ayi kewar mutum ma,hau,negative,0.47397586703300476,3,3_bah_baa_mutum_ya,West Africa,Nigeria,Hausa,2026-08-27,150
wata shariar sai dai a lahira b komai idon kaima t ritsa d yan uwanka lokacin zaka ji abinda sauran talakawa suke ji a ransu,hau,negative,0.8891700506210327,0,0_da_ba_allah_ya,West Africa,Nigeria,Hausa,2026-05-06,119
to wata sabuwa kuma shame kace mukam da takashemu ma tamu takai,hau,neutral,0.4852712154388428,2,2_allah_ya_mana_ta,West Africa,Nigeria,Hausa,2026-04-18,61
allah ya sare na gabaya ku ma yaye mana wan nan cuta baki daya dake fadin duniya amin,hau,negative,0.836655855178833,0,0_da_ba_allah_ya,West Africa,Nigeria,Hausa,2026-01-11,25
ta allah batakaba xama agani insha allahu nama pahimchi so kake mu dinga wuche gona da iri ga yadda annabi yayi kadinga sawa se munche,hau,negative,0.8179506063461304,0,0_da_ba_allah_ya,West Africa,Nigeria,Hausa,2026-06-21,97
allah ya kawo mana đauki,hau,positive,0.85688316822052,2,2_allah_ya_mana_ta,West Africa,Nigeria,Hausa,2026-01-20,307
ko ba allah wadai ba,hau,negative,0.7249153852462769,0,0_da_ba_allah_ya,West Africa,Nigeria,Hausa,2026-07-15,498
ameen thumm ameen darajjar manzon rahama,hau,positive,0.890099823474884,1,1_da_ne_ya_na,West Africa,Nigeria,Hausa,2026-05-23,423
amma akwai masu rainin sense a africa,hau,negative,0.891399085521698,-1,misc / outlier,West Africa,Nigeria,Hausa,2026-05-27,298
bakiga wani fatan tsiya bane da sukemana,hau,negative,0.4824671447277069,1,1_da_ne_ya_na,West Africa,Nigeria,Hausa,2026-07-22,99
allah ya jikansu da rahama baki daya,hau,positive,0.8305268883705139,2,2_allah_ya_mana_ta,West Africa,Nigeria,Hausa,2026-08-13,476
alhamdulillah mudai dariya muke,hau,positive,0.7979255318641663,2,2_allah_ya_mana_ta,West Africa,Nigeria,Hausa,2026-07-29,38
ayya hakane daman rayuwa inka gane kayi kuskure sai ka nemi tafiya gun allahyafe mana baki daya,hau,negative,0.7744079828262329,0,0_da_ba_allah_ya,West Africa,Nigeria,Hausa,2026-03-22,190
hhhhhh ya kusa yaci taliyar karshe,hau,neutral,0.5166987776756287,-1,misc / outlier,West Africa,Nigeria,Hausa,2026-03-29,262
hhh corona ta shrya bayin allah fah,hau,negative,0.6512971520423889,2,2_allah_ya_mana_ta,West Africa,Nigeria,Hausa,2026-06-27,443
nabi artabu da gudu na kwala masa dutse a ka,hau,neutral,0.7966479659080505,0,0_da_ba_allah_ya,West Africa,Nigeria,Hausa,2026-03-31,91
tabar wawa da bashi mai wayo da kunya,hau,negative,0.8559264540672302,1,1_da_ne_ya_na,West Africa,Nigeria,Hausa,2026-06-02,229
iya kudin ka iya shagalin ka aljanna ta mai rabo ce allah qaro kudiiii,hau,negative,0.5906310081481934,2,2_allah_ya_mana_ta,West Africa,Nigeria,Hausa,2026-05-08,308
wallahi tallahi ni ban raayinai amma saboda jamaa mafi yawa sun yardada cewa zai kimantawa talakkawa akan haka nizzabeshi har so amma yasani yashirya wa tambayoyi mutun miliyan agaban ubangiji wlh daya bayan daya,hau,negative,0.8943777680397034,0,0_da_ba_allah_ya,West Africa,Nigeria,Hausa,2026-05-29,133
shikuma zazzakyyy yaushe zaa sakeshi,hau,neutral,0.7691439986228943,0,0_da_ba_allah_ya,West Africa,Nigeria,Hausa,2026-07-24,396
ni wlh duk ba wannan ne ke damu na ba abinda ke damu na shine yanda ko wani bayan mintina ake tafiya talla idan ana nuna film din labari na mallam babu yadda zaayi a rage yawan tallan nan ne,hau,negative,0.5911873579025269,0,0_da_ba_allah_ya,West Africa,Nigeria,Hausa,2026-04-27,398
kowa ma ya nema,hau,neutral,0.8687641620635986,-1,misc / outlier,West Africa,Nigeria,Hausa,2026-01-18,340
toh duniya xata nema yafiya awajenta ko kuma mahaliccin ta da ta saamasa,hau,negative,0.8662139177322388,-1,misc / outlier,West Africa,Nigeria,Hausa,2026-08-04,484
wai kina ganin replies dinnan kuwa,hau,neutral,0.6494821310043335,-1,misc / outlier,West Africa,Nigeria,Hausa,2026-01-24,3
kash bawa da ya gani a nigeria,hau,negative,0.49984246492385864,-1,misc / outlier,West Africa,Nigeria,Hausa,2026-03-11,54
tab burtaniya daban nigeria dabanhaba bawannn zancen fa can dai ba nan ba,hau,negative,0.7130297422409058,-1,misc / outlier,West Africa,Nigeria,Hausa,2026-05-02,326
kiji dadin duniya tawajena,hau,neutral,0.4574702978134155,-1,misc / outlier,West Africa,Nigeria,Hausa,2026-06-28,305
allah ubangiji yasine mata,hau,negative,0.7154511213302612,2,2_allah_ya_mana_ta,West Africa,Nigeria,Hausa,2026-06-20,363
bah wani corona talauci be da fargaba,hau,negative,0.8850166201591492,3,3_bah_baa_mutum_ya,West Africa,Nigeria,Hausa,2026-01-17,317
allah ka gafartamawa mal kasakamishi da alkhairi akan ayyukanshi na alkhairi,hau,positive,0.5438988208770752,2,2_allah_ya_mana_ta,West Africa,Nigeria,Hausa,2026-01-16,179
kace ronaldo yayi cin allah ya tsine uwar me karya,hau,negative,0.696363627910614,-1,misc / outlier,West Africa,Nigeria,Hausa,2026-07-07,111
lokaci ne zai tan tance,hau,neutral,0.7030505537986755,1,1_da_ne_ya_na,West Africa,Nigeria,Hausa,2026-06-29,19
aka fada maka shirin fim din mansoor ne ko sai wata rana,hau,negative,0.8695285320281982,1,1_da_ne_ya_na,West Africa,Nigeria,Hausa,2026-03-21,188
alhamdulillah allah ya kara tona musu asiri alfarman annabi da alqurani,hau,negative,0.4883385896682739,2,2_allah_ya_mana_ta,West Africa,Nigeria,Hausa,2026-06-15,174
idan ba kinfi yrs ba hege nake kuutji fah sisters dinki ina mah lefin haba aunty,hau,negative,0.6228896975517273,0,0_da_ba_allah_ya,West Africa,Nigeria,Hausa,2026-05-28,72
karya yake don uwarsa,hau,negative,0.8085832595825195,-1,misc / outlier,West Africa,Nigeria,Hausa,2026-06-24,22
sadau inasonki zan aureki,hau,neutral,0.8520231246948242,1,1_da_ne_ya_na,West Africa,Nigeria,Hausa,2026-07-30,104
oh ni diyar bello mi ake da kudaden in an ciyo bashin su,hau,negative,0.8886569738388062,-1,misc / outlier,West Africa,Nigeria,Hausa,2026-04-25,130
ina bacci zai yiwu kuwa daman,hau,neutral,0.7319087386131287,0,0_da_ba_allah_ya,West Africa,Nigeria,Hausa,2026-03-14,19
action kamar irin su dakin amarya,hau,negative,0.6865260004997253,-1,misc / outlier,West Africa,Nigeria,Hausa,2026-07-03,306
burina shine na samu aiki kam,hau,neutral,0.8238838911056519,-1,misc / outlier,West Africa,Nigeria,Hausa,2026-04-09,374
abun ai abun tambaya ne,hau,neutral,0.7665903568267822,1,1_da_ne_ya_na,West Africa,Nigeria,Hausa,2026-08-16,333
zamu yi zaman jiran gado,hau,neutral,0.6244595646858215,1,1_da_ne_ya_na,West Africa,Nigeria,Hausa,2026-06-21,467
gaskiya wannan hukuncin daaka yankewa maryam sanda yayi daidai domin zai zama darasi ga yan baya allah yasa mufikarfin zakatanmu amin,hau,negative,0.8892707228660583,4,4_wannan_allah_da_ga,West Africa,Nigeria,Hausa,2026-03-30,104
kode pawon ayaba ne suka gani,hau,neutral,0.8063056468963623,1,1_da_ne_ya_na,West Africa,Nigeria,Hausa,2026-01-06,417
ina shaawar fitowa dan allah,hau,positive,0.8013063669204712,2,2_allah_ya_mana_ta,West Africa,Nigeria,Hausa,2026-08-29,5
a gaskiya ni banga darasi da aka dauka ba sabida babu wani canji da akayi na magance matsalolin baya da ya haddasa kashekashen da yanzu babu su kunchi takura talauci taaddanci jahilci babakere cin hanci da rashawa da duk dauin kaskanci sune agaba,hau,negative,0.8272420763969421,0,0_da_ba_allah_ya,West Africa,Nigeria,Hausa,2026-04-29,419
sabi da shanun mu sun kusa karewa,hau,negative,0.8625085353851318,-1,misc / outlier,West Africa,Nigeria,Hausa,2026-04-01,167
hmm kuna ruwa,hau,neutral,0.8469734787940979,1,1_da_ne_ya_na,West Africa,Nigeria,Hausa,2026-02-13,209
masha allah yayi jagora,hau,positive,0.9145997166633606,2,2_allah_ya_mana_ta,West Africa,Nigeria,Hausa,2026-06-06,347
wallahi allah ya bamu tunkun shugaba mu ana nan ana kashemu baka cewa komai,hau,negative,0.8611477613449097,4,4_wannan_allah_da_ga,West Africa,Nigeria,Hausa,2026-01-30,190
aikin gwamnati dole bazaiyuba ya rasa aikiba amma gamunan jimuke kamar mu sama namu takardu wuta,hau,negative,0.919848620891571,0,0_da_ba_allah_ya,West Africa,Nigeria,Hausa,2026-05-07,94
the most popular hausa man in the world i dey salute oga kawai ka fito takarar shugaban kasa kaga kai ke da arewa,hau,negative,0.7564223408699036,0,0_da_ba_allah_ya,West Africa,Nigeria,Hausa,2026-01-16,317
allah ya bata lfyda dukkakan alummar musulmi mara sa lfy,hau,positive,0.9437580108642578,-1,misc / outlier,West Africa,Nigeria,Hausa,2026-02-25,159
ku sa mata yaji pls,hau,neutral,0.749981701374054,-1,misc / outlier,West Africa,Nigeria,Hausa,2026-07-16,39
to allah yayi jagora ya bada ikon sauke hakkokin da suka rataya a huyan shugannin mu baki daya ameen,hau,negative,0.8532090187072754,-1,misc / outlier,West Africa,Nigeria,Hausa,2026-03-15,104
yanzu idan nayi dariya zakuce bani da imani koh allah ya kiyaye gaba,hau,negative,0.8550586104393005,4,4_wannan_allah_da_ga,West Africa,Nigeria,Hausa,2026-02-03,16
ba rabo da gwani bah,hau,negative,0.8476630449295044,3,3_bah_baa_mutum_ya,West Africa,Nigeria,Hausa,2026-07-09,407
mungudai da fadakarwa darecta,hau,negative,0.5336770415306091,1,1_da_ne_ya_na,West Africa,Nigeria,Hausa,2026-03-05,253
mulki da ilimi babu jahilci aciki allah yajikansa darahama amin,hau,negative,0.7116457223892212,2,2_allah_ya_mana_ta,West Africa,Nigeria,Hausa,2026-04-12,280
bera bai gudu ba sai shiga kotu ake ana fita,hau,neutral,0.7646974325180054,3,3_bah_baa_mutum_ya,West Africa,Nigeria,Hausa,2026-04-11,247
wai ku da kun rasa labari kawaii sai ku kawo ma mutane mahawa to yaushe gwamnatin tace hakanan,hau,negative,0.9246655106544495,-1,misc / outlier,West Africa,Nigeria,Hausa,2026-08-23,32
wannan maganar tayi muni,hau,neutral,0.8243100047111511,2,2_allah_ya_mana_ta,West Africa,Nigeria,Hausa,2026-08-12,208
allah ya gyara mana kasar mu,hau,positive,0.6474520564079285,2,2_allah_ya_mana_ta,West Africa,Nigeria,Hausa,2026-05-08,51
allah wadaran naka ya lalace karen dawa yaga na gida,hau,positive,0.6447597742080688,2,2_allah_ya_mana_ta,West Africa,Nigeria,Hausa,2026-01-21,407
wannan ikkancine bbc,hau,negative,0.5146369338035583,1,1_da_ne_ya_na,West Africa,Nigeria,Hausa,2026-02-12,202
to me ya shafemu ️,hau,negative,0.5859581828117371,-1,misc / outlier,West Africa,Nigeria,Hausa,2026-04-25,339
finally obasanjo ya fita daga jamiyyar,hau,negative,0.5280619263648987,1,1_da_ne_ya_na,West Africa,Nigeria,Hausa,2026-04-13,281
kin nuna kinfi fishi hankali da tarbiyya anan,hau,negative,0.8439805507659912,1,1_da_ne_ya_na,West Africa,Nigeria,Hausa,2026-05-21,79
hausawa sunyi gaskiya da sukace duk inda baki ya karkata nan yamu yakamata ya zuba inacin haka maman mahmud intana fada bakinta har karkacewa yake amman yanzun taga manyan bako baki yamutu dama tsiyan ta akan sumayya ce sbd ita talakace halin uwa halin da,hau,negative,0.856817364692688,0,0_da_ba_allah_ya,West Africa,Nigeria,Hausa,2026-03-13,327
ay jamar ar kano bashi suke buqataba abinci suke buqata,hau,neutral,0.5385456681251526,-1,misc / outlier,West Africa,Nigeria,Hausa,2026-08-15,273
wakar na tsaya ga annabi muhammadu saw allah ya jiqansa,hau,negative,0.515321671962738,0,0_da_ba_allah_ya,West Africa,Nigeria,Hausa,2026-02-05,46
kita gajiya mana inaruwan wani dake kuma kinajin haushi to wlh abinda nai tunanini ya kasance kuma kigwada jin haushi kigani,hau,negative,0.9154874682426453,0,0_da_ba_allah_ya,West Africa,Nigeria,Hausa,2026-07-29,334
ake wanka da soda,hau,neutral,0.7962934374809265,3,3_bah_baa_mutum_ya,West Africa,Nigeria,Hausa,2026-04-21,83
haba falalu saikace baka ganosu ba corona ai kudi take kawo musu harkar tsaro kuma fitarwa zasuyi,hau,negative,0.7717633247375488,-1,misc / outlier,West Africa,Nigeria,Hausa,2026-08-10,203
kuma fita da allah ya isa ba,hau,negative,0.5580230355262756,-1,misc / outlier,West Africa,Nigeria,Hausa,2026-05-21,356
we miss you a lot️ yaushe zaki dawo,hau,positive,0.7416219711303711,-1,misc / outlier,West Africa,Nigeria,Hausa,2026-03-13,138
daga nan allah musuluntar da ita,hau,positive,0.9407591223716736,2,2_allah_ya_mana_ta,West Africa,Nigeria,Hausa,2026-06-30,209
tabbas zaifi twitter zukar data,hau,neutral,0.7138206362724304,-1,misc / outlier,West Africa,Nigeria,Hausa,2026-04-17,145
wannan zancen banzane yakeyi ️️️,hau,negative,0.6714795231819153,1,1_da_ne_ya_na,West Africa,Nigeria,Hausa,2026-04-02,341
ubangiji allah yayi masa tsaye albarkacin annabisaw allah gabawanka nazir m ahmad allah kafiddashi daga sharrin masu shairi,hau,negative,0.7731253504753113,0,0_da_ba_allah_ya,West Africa,Nigeria,Hausa,2026-06-24,157
wllh allah hk ne kuma wllh allah yana ganin ku kuma zai tsayar da ku a gaban sa kuma wllh sai kunyi bayani dallah dallah ai ni wllh da nine shugaban kasa allah nasan yarda zanyi da asuu wllh amma kana shugaba kakasa komai ai ba hk ake shugaban ciba wllh,hau,negative,0.9258489608764648,0,0_da_ba_allah_ya,West Africa,Nigeria,Hausa,2026-08-15,213
alhamdulillah plash back kaura ne governor a bauchi baba allah yamaka jagora,hau,negative,0.8237274289131165,0,0_da_ba_allah_ya,West Africa,Nigeria,Hausa,2026-04-08,488
inji uwar waye angama biyanmu hakkin mu,hau,negative,0.7330793738365173,0,0_da_ba_allah_ya,West Africa,Nigeria,Hausa,2026-03-01,26
allah ya kara miki jajir cewa wajen kawo mana sahihan labarai muna godiya,hau,positive,0.6068456172943115,4,4_wannan_allah_da_ga,West Africa,Nigeria,Hausa,2026-02-08,159
allah yatemaka rahama,hau,positive,0.9581966400146484,2,2_allah_ya_mana_ta,West Africa,Nigeria,Hausa,2026-01-22,381
darektan darectoci kenan allah ya kara lafiawadata da basira munajin dadin yadda kake caza mana kai a labarinaseries always unpredictable,hau,negative,0.8671730756759644,1,1_da_ne_ya_na,West Africa,Nigeria,Hausa,2026-02-15,290
allahumma afuwun tuhibbul afuwa fafu anni allah ya biya mana bukatunmu na alkhairi allah ya bamu zaman lafiya a kasarmu nigeriaallah ya gafartawa iyyayenmu allah ya shiryarda shuwagabanninmu allah ya shiryarda malamammu allah ya hadakan iyen nigeria allah ya gafartamana,hau,positive,0.5495337247848511,-1,misc / outlier,West Africa,Nigeria,Hausa,2026-02-08,452
zaa fara shanya patients a nigeria kenan,hau,neutral,0.7729378342628479,-1,misc / outlier,West Africa,Nigeria,Hausa,2026-03-01,182
haka kuma kama laila,hau,neutral,0.877503514289856,1,1_da_ne_ya_na,West Africa,Nigeria,Hausa,2026-06-18,212
nifa har yanxu ya gama gwamnati ta fito tayiwa mutane bayani ya akai duk jahar da cutar nan zata shiga wani talaka ko wanda ba kuwa ba baya shigar da ita dole idan kaji ance cutar nan ta shiga wata jahar kana bincike xa gaka dan siyasa ne ko kuma babban maaikacin gwamnati,hau,negative,0.9122446775436401,0,0_da_ba_allah_ya,West Africa,Nigeria,Hausa,2026-03-01,213
of course rahama sadau things sadau i love your acting aka tatuma,hau,positive,0.9585025310516357,0,0_da_ba_allah_ya,West Africa,Nigeria,Hausa,2026-01-04,9
allah dai yasa kada rijiya tabada ruwa guga ta hana,hau,negative,0.8958539366722107,2,2_allah_ya_mana_ta,West Africa,Nigeria,Hausa,2026-05-05,442
exactly auntie rahama️,hau,positive,0.8771607279777527,1,1_da_ne_ya_na,West Africa,Nigeria,Hausa,2026-08-01,392
nan gaba yadda ake kashi zaku kawo,hau,neutral,0.9196056723594666,1,1_da_ne_ya_na,West Africa,Nigeria,Hausa,2026-05-31,410
shege ai kaine birin kallarka kamar gogon biri dabaki yawa bakin zunubi,hau,negative,0.8982323408126831,-1,misc / outlier,West Africa,Nigeria,Hausa,2026-02-16,186
na rantse da allah se mun fito neman na girki kut kaji fa,hau,neutral,0.45401549339294434,1,1_da_ne_ya_na,West Africa,Nigeria,Hausa,2026-03-09,329
kuma shine baa sanar dani ba,hau,neutral,0.7635676860809326,3,3_bah_baa_mutum_ya,West Africa,Nigeria,Hausa,2026-03-14,100
muna fatan hakan dukda dama ai ba kowane keda madafun iko a nigeria ba fiyeda wannan mugun shugaba wato buhari mu talakawan arewa saidai mu cewa buhari allah yasa,hau,negative,0.931237518787384,-1,misc / outlier,West Africa,Nigeria,Hausa,2026-01-02,200
basu amsa kune yan u,hau,negative,0.8568715453147888,1,1_da_ne_ya_na,West Africa,Nigeria,Hausa,2026-02-07,372
subhanallah allah yakaremu,hau,positive,0.9576270580291748,2,2_allah_ya_mana_ta,West Africa,Nigeria,Hausa,2026-04-18,207
haba muma zamu sha wuya,hau,negative,0.604246199131012,0,0_da_ba_allah_ya,West Africa,Nigeria,Hausa,2026-05-17,104
subhanallah hasbunallahu wani imal wakil waii har wani wawa waii shi garba shehu yace mutum goma allah yasa a dauke dukkan yayansa shima yaji yadda akeji,hau,negative,0.8810274600982666,0,0_da_ba_allah_ya,West Africa,Nigeria,Hausa,2026-04-05,482
nidai wlh kina burgeni yaushe zakizo kano kiyi birthday party,hau,positive,0.6310842037200928,0,0_da_ba_allah_ya,West Africa,Nigeria,Hausa,2026-06-06,3
lwkmd meyasa mijinki bai karo mataaure ba and the film ended there i really enjoy and laugh aswear,hau,negative,0.4963557720184326,0,0_da_ba_allah_ya,West Africa,Nigeria,Hausa,2026-05-25,222
chab kobarsu zatayi ruwa,hau,neutral,0.6861640810966492,1,1_da_ne_ya_na,West Africa,Nigeria,Hausa,2026-03-23,461
gaskiya rashin sannin irin illar karya take dashi da kuma zununbin makaryaci shiya jawo miki in da ace kinyi islamiyya yadda ya kamata da kin rage wannan sharara karyar,hau,negative,0.6661549806594849,0,0_da_ba_allah_ya,West Africa,Nigeria,Hausa,2026-02-02,80
allah ya kawo karshen milkin zalinci a kasata ameen,hau,positive,0.5055766701698303,1,1_da_ne_ya_na,West Africa,Nigeria,Hausa,2026-06-26,216
bamu iya turanci ba,hau,neutral,0.6873358488082886,1,1_da_ne_ya_na,West Africa,Nigeria,Hausa,2026-08-08,58
saboda sun san cewa za a tona aika aikan da sukayi da banma da kisan da akayi na rashin imani a zariya,hau,negative,0.6544643044471741,0,0_da_ba_allah_ya,West Africa,Nigeria,Hausa,2026-05-12,420
hahaha wallahi federal government kunya sukeji dama shiyasa basu bude ba yanxu kuma sunga babu sarki sai allah,hau,negative,0.9224660992622375,-1,misc / outlier,West Africa,Nigeria,Hausa,2026-06-08,46
allahumma amin malam aminu amincin allah ya tabbata zuwa gare ka tare da yan uwan kamasoyan ka tare da abokan harkar arziki,hau,negative,0.5566856861114502,0,0_da_ba_allah_ya,West Africa,Nigeria,Hausa,2026-06-17,207
ayi haquri anti rahama,hau,positive,0.7866880893707275,2,2_allah_ya_mana_ta,West Africa,Nigeria,Hausa,2026-06-23,295
adam kannywood or am sorry kace kafita,hau,positive,0.7414114475250244,1,1_da_ne_ya_na,West Africa,Nigeria,Hausa,2026-07-09,452
bbc hausa a ina kuka samo wadannan bayanai,hau,negative,0.5174593329429626,-1,misc / outlier,West Africa,Nigeria,Hausa,2026-01-14,186
allah yasa karsu kullamah tsiya,hau,positive,0.7986477613449097,2,2_allah_ya_mana_ta,West Africa,Nigeria,Hausa,2026-04-27,235
muna godiya da shirin labarina musamman ga lukman and excellence,hau,positive,0.9553999900817871,0,0_da_ba_allah_ya,West Africa,Nigeria,Hausa,2026-08-19,395
kalaman soyayya masu ratsa zuciyar masoya ina masoya maza da matan yakamata kusan su,hau,negative,0.8445685505867004,1,1_da_ne_ya_na,West Africa,Nigeria,Hausa,2026-08-11,83
ajabba allah gamu garekah,hau,positive,0.929311215877533,2,2_allah_ya_mana_ta,West Africa,Nigeria,Hausa,2026-07-19,66
nigeria ta taimakawa iran da kayan yaki don a yaki america,hau,negative,0.7844337821006775,-1,misc / outlier,West Africa,Nigeria,Hausa,2026-08-12,7
likita ne shishirme kawai,hau,neutral,0.6621822714805603,-1,misc / outlier,West Africa,Nigeria,Hausa,2026-06-24,26
shegantaka da rainin wayo a fili,hau,negative,0.7075299620628357,1,1_da_ne_ya_na,West Africa,Nigeria,Hausa,2026-07-24,282
to kunsan dayawa tsuntsu yake tashi bazai kamar maikiba dayawa turare yake kamshim bazaikai kamar al muskiba,hau,negative,0.818368136882782,0,0_da_ba_allah_ya,West Africa,Nigeria,Hausa,2026-05-24,72
hhhh a yanzu da muka zama world champion ba,hau,neutral,0.8172537684440613,4,4_wannan_allah_da_ga,West Africa,Nigeria,Hausa,2026-04-11,328
dambazau sanar da hutu yake yi daman kawai ai,hau,negative,0.8436394929885864,0,0_da_ba_allah_ya,West Africa,Nigeria,Hausa,2026-04-12,412
mtcheww ya allah ka dora musulunci akan kafirci ya allah ka tozarta kafirci da kafirai ameen ya hayyu ya qayyum,hau,positive,0.8329590559005737,-1,misc / outlier,West Africa,Nigeria,Hausa,2026-04-13,465
kuji tsoron allah ️ mutun ko mutum pls,hau,negative,0.7827728986740112,1,1_da_ne_ya_na,West Africa,Nigeria,Hausa,2026-04-11,203
aradu in nine ke zuciya danyi in bar musu addiinin su kawai,hau,negative,0.878311038017273,-1,misc / outlier,West Africa,Nigeria,Hausa,2026-01-27,45
allah yasa mudace da dacewarsa,hau,positive,0.730967104434967,2,2_allah_ya_mana_ta,West Africa,Nigeria,Hausa,2026-05-04,293
nayi jugum a gaban television kawai naga an koma farko hope dai ba sai an gama nunawa duka tukun zaci gaba ba,hau,neutral,0.8231337666511536,0,0_da_ba_allah_ya,West Africa,Nigeria,Hausa,2026-06-12,318
ku tambaye shi mana da kanku‍️,hau,neutral,0.45958513021469116,1,1_da_ne_ya_na,West Africa,Nigeria,Hausa,2026-04-13,474
allah katausayamana albarka watanka mai albarka mun tuba ya allah,hau,positive,0.5064127445220947,-1,misc / outlier,West Africa,Nigeria,Hausa,2026-01-16,189
ban fahimci turanci buhari ba,hau,negative,0.629606306552887,1,1_da_ne_ya_na,West Africa,Nigeria,Hausa,2026-02-18,377
na yau yayi kyau sosai dan nayau yasani nayi dumu dumu da kaji,hau,neutral,0.5907300114631653,0,0_da_ba_allah_ya,West Africa,Nigeria,Hausa,2026-01-18,258
yan yankin tamil ne haladan sune muka fi sani a film suna tafka bata kashi da yan sanda,hau,negative,0.5997434258460999,0,0_da_ba_allah_ya,West Africa,Nigeria,Hausa,2026-02-23,87
munsani basai kunqara gayama kowa ba,hau,negative,0.5025776028633118,1,1_da_ne_ya_na,West Africa,Nigeria,Hausa,2026-04-23,74
allah ya taya riko kaigaman rano,hau,positive,0.5932439565658569,0,0_da_ba_allah_ya,West Africa,Nigeria,Hausa,2026-02-11,178
yace duk filter ne,hau,neutral,0.5175169110298157,1,1_da_ne_ya_na,West Africa,Nigeria,Hausa,2026-01-29,145
mata saura kuce abaya,hau,neutral,0.7964450120925903,1,1_da_ne_ya_na,West Africa,Nigeria,Hausa,2026-03-29,82
kai allah wadaran naka ya lalace aidama appointments kawai sukayi isu isu ana ta kashe mutane amma ko ajikinsu aikin banza,hau,negative,0.9311898350715637,-1,misc / outlier,West Africa,Nigeria,Hausa,2026-06-03,266
kayi saar wannan sunan lie lie lie,hau,negative,0.5911171436309814,-1,misc / outlier,West Africa,Nigeria,Hausa,2026-01-14,87
mun gode mishi fa san nunshi da aiki amma dan allah yaushe zai sauqa ne kam nina gajida mulkin shi,hau,positive,0.518311083316803,-1,misc / outlier,West Africa,Nigeria,Hausa,2026-01-27,473
hmmmm hakane allah ya kayuta,hau,positive,0.5723059773445129,2,2_allah_ya_mana_ta,West Africa,Nigeria,Hausa,2026-01-01,34
alhamdulillah yakara tattalin arzikin,hau,positive,0.8966373205184937,1,1_da_ne_ya_na,West Africa,Nigeria,Hausa,2026-05-26,55
amman masu kudin kawai akafi maida hankali kansu shiko talaka yananan yana tunanin bata shi ceba,hau,negative,0.8966171145439148,1,1_da_ne_ya_na,West Africa,Nigeria,Hausa,2026-02-08,196
arnen musa bahh,hau,negative,0.8313932418823242,1,1_da_ne_ya_na,West Africa,Nigeria,Hausa,2026-05-18,251
tab ba ruwa nasan da wanda kuke in suka jiku zaginku za suyi,hau,neutral,0.8625959753990173,0,0_da_ba_allah_ya,West Africa,Nigeria,Hausa,2026-01-26,385
bbc kunada matsala wallahi ‍️‍️,hau,negative,0.5091113448143005,-1,misc / outlier,West Africa,Nigeria,Hausa,2026-04-04,412
allah ya yayemana wanna rayuwan kunci da muke viki ya biya mana bukatunmu na alkairi amin,hau,negative,0.7537363171577454,-1,misc / outlier,West Africa,Nigeria,Hausa,2026-06-07,405
rahma why mati neh ubansa keenan fa,hau,negative,0.8254633545875549,2,2_allah_ya_mana_ta,West Africa,Nigeria,Hausa,2026-01-07,495
allah ya taya maka sarkin zazzau jikan musa,hau,negative,0.4810507297515869,2,2_allah_ya_mana_ta,West Africa,Nigeria,Hausa,2026-01-19,412
zaki saida naki neh to nide talaka neh in zaa bani kyauta tohm ️,hau,neutral,0.8699975609779358,0,0_da_ba_allah_ya,West Africa,Nigeria,Hausa,2026-08-12,101
mudai a hannun hagunsa muka ganshi lol,hau,neutral,0.5112738013267517,1,1_da_ne_ya_na,West Africa,Nigeria,Hausa,2026-02-23,154
innalillahi wainna ilaihi rajiun tsohonnan fa kara mana kwanakin kulle zai,hau,positive,0.5205430388450623,1,1_da_ne_ya_na,West Africa,Nigeria,Hausa,2026-06-07,64
corona ba matsalarmu bane malam kawai kaje birnin gwarigiwakudaruda wasu bangare a jihar kaduna kaji halinda sukeciki zubar da jini balaine a kasa,hau,negative,0.8919171094894409,0,0_da_ba_allah_ya,West Africa,Nigeria,Hausa,2026-04-07,428
kai ba wani ɗan iska da ya isa wlh,hau,negative,0.9226534366607666,3,3_bah_baa_mutum_ya,West Africa,Nigeria,Hausa,2026-02-08,482
ruwan zafi ba wurin wasan kifi bane,hau,neutral,0.8648455142974854,-1,misc / outlier,West Africa,Nigeria,Hausa,2026-06-12,22
allah yasa kar ta cinye shi,hau,negative,0.742072582244873,2,2_allah_ya_mana_ta,West Africa,Nigeria,Hausa,2026-03-06,499
allah ubangijin yayi rahama a gare shi allah ya kyautata makwancin sa ya gafarta mai zunuban sa allah ya kyautata tamu idan lokaci yayi,hau,positive,0.7442309856414795,0,0_da_ba_allah_ya,West Africa,Nigeria,Hausa,2026-03-30,467
congrats allah ya karo masu albarka,hau,positive,0.9632052779197693,-1,misc / outlier,West Africa,Nigeria,Hausa,2026-06-04,247
tereren ranar haihuwa ma,hau,neutral,0.48939716815948486,1,1_da_ne_ya_na,West Africa,Nigeria,Hausa,2026-04-04,161
hehehehe duk wanda ya rufemu ya hanamu yin ibadah shima allah ya rufeshi cikin wutar jahannamaallah ya isa tabi duk wanda yyi ya ba tare da dalili baallah sarki talaka bawan allah,hau,negative,0.7781007289886475,0,0_da_ba_allah_ya,West Africa,Nigeria,Hausa,2026-05-02,27
uban da bazai iya biya wa yayansa kudin makaranta ba,hau,negative,0.9008881449699402,0,0_da_ba_allah_ya,West Africa,Nigeria,Hausa,2026-02-01,311
kuma yafi ko ina dadi ba,hau,neutral,0.6834755539894104,0,0_da_ba_allah_ya,West Africa,Nigeria,Hausa,2026-01-30,474
yajin aikin cin abinci kuma,hau,negative,0.844896137714386,-1,misc / outlier,West Africa,Nigeria,Hausa,2026-08-06,325
uban abba shima ta fashe kenan,hau,negative,0.9162155985832214,2,2_allah_ya_mana_ta,West Africa,Nigeria,Hausa,2026-05-05,198
allah yasaka mana mutanen kaduna k,hau,positive,0.5710024237632751,2,2_allah_ya_mana_ta,West Africa,Nigeria,Hausa,2026-04-30,44
subhanallahallah ya karbi shahadar su,hau,positive,0.8806387186050415,0,0_da_ba_allah_ya,West Africa,Nigeria,Hausa,2026-05-03,462
shikenan you tahanashi bacci,hau,positive,0.6855801343917847,0,0_da_ba_allah_ya,West Africa,Nigeria,Hausa,2026-05-04,364
saboda kaza bayan hana ayan kata,hau,neutral,0.7169191241264343,0,0_da_ba_allah_ya,West Africa,Nigeria,Hausa,2026-03-21,317
kano ta dabo tunbin giwa mallam kodame kazo anfika kano tajalla babbar hausa garin daba kano ba dajin allah mallam kodame kazo anfika,hau,neutral,0.5897523760795593,-1,misc / outlier,West Africa,Nigeria,Hausa,2026-01-22,352
su ragar gazata ma ba karyawa ba,hau,negative,0.6016539931297302,1,1_da_ne_ya_na,West Africa,Nigeria,Hausa,2026-02-06,422
kizo kema na taimaka miki nasan dai ba gal bace,hau,neutral,0.9024555087089539,1,1_da_ne_ya_na,West Africa,Nigeria,Hausa,2026-01-27,456
abun babu dadin ji balle kallo wai a hakan sune masu juya jihar maimakon aikin hankali abu ya zama rikici,hau,negative,0.9342296719551086,-1,misc / outlier,West Africa,Nigeria,Hausa,2026-07-11,82
irin wannan wanka hakah,hau,negative,0.5428614020347595,2,2_allah_ya_mana_ta,West Africa,Nigeria,Hausa,2026-03-29,327
abum mamaki wai jabberi ne yake cewa an zalunce shi to idan banda rashin kunya irin nasa sahabban da yake gayawa abinda yaga dama suba mutane bane,hau,negative,0.9282158613204956,-1,misc / outlier,West Africa,Nigeria,Hausa,2026-07-09,402
allah ya kara tuna asirinsu,hau,positive,0.906013548374176,1,1_da_ne_ya_na,West Africa,Nigeria,Hausa,2026-03-09,438
allah yakara lafiya alan waka,hau,positive,0.9260770678520203,2,2_allah_ya_mana_ta,West Africa,Nigeria,Hausa,2026-05-03,113
da gani bakya jin magana ne,hau,neutral,0.6433554887771606,1,1_da_ne_ya_na,West Africa,Nigeria,Hausa,2026-08-01,317
dama zaulaya che aka yi wa ganduje,hau,negative,0.644457221031189,0,0_da_ba_allah_ya,West Africa,Nigeria,Hausa,2026-06-27,207
allah kara tsare gaba,hau,positive,0.8716080784797668,2,2_allah_ya_mana_ta,West Africa,Nigeria,Hausa,2026-02-11,314
hmm lanjeriya kasar yanci kisa kyauta,hau,neutral,0.40253689885139465,1,1_da_ne_ya_na,West Africa,Nigeria,Hausa,2026-05-13,433
toh farrrr ita kuma wannan ta ina deexel yaxama bro din ta,hau,negative,0.8735752701759338,1,1_da_ne_ya_na,West Africa,Nigeria,Hausa,2026-01-06,100
nabi abincin kaji da gudu ba,hau,neutral,0.773828387260437,2,2_allah_ya_mana_ta,West Africa,Nigeria,Hausa,2026-02-22,424
allah ka tsare mu daga komawa daga gidan yesterday,hau,positive,0.861804187297821,0,0_da_ba_allah_ya,West Africa,Nigeria,Hausa,2026-05-16,242
in sha allah the next state da zaije sai an jefe shi,hau,negative,0.8327394127845764,-1,misc / outlier,West Africa,Nigeria,Hausa,2026-04-03,93
ina kwanar wani gatawa,hau,neutral,0.8646317720413208,1,1_da_ne_ya_na,West Africa,Nigeria,Hausa,2026-02-07,289
aekin banza aekin hofi,hau,negative,0.8018710613250732,1,1_da_ne_ya_na,West Africa,Nigeria,Hausa,2026-06-26,111
ai kosai da buridi yayi wallahi mussaman a saka shi burindin a kullin kosan sannn a soya shiii,hau,negative,0.9308009147644043,-1,misc / outlier,West Africa,Nigeria,Hausa,2026-05-20,21
tofa allah y kyauta,hau,positive,0.9439185857772827,2,2_allah_ya_mana_ta,West Africa,Nigeria,Hausa,2026-08-23,204
youre right fa abin ba dadi gaskiya imagine having the headache of defending her on ig but ko reply na gaisuwa batayi,hau,negative,0.9213592410087585,-1,misc / outlier,West Africa,Nigeria,Hausa,2026-01-07,480
fita batunsu kuma ki bar kula su kawai don kowa saa yake nema ya sheke ayarchi,hau,negative,0.6405421495437622,0,0_da_ba_allah_ya,West Africa,Nigeria,Hausa,2026-07-14,265
allah don alfarman annibi ka kawo mana karshin wannan musiban,hau,negative,0.7572086453437805,4,4_wannan_allah_da_ga,West Africa,Nigeria,Hausa,2026-05-16,80
abun mamaki bakamar a ja ba,hau,negative,0.625809907913208,1,1_da_ne_ya_na,West Africa,Nigeria,Hausa,2026-03-18,196
wato ya zama strange abu a wurinta ma so sad,hau,neutral,0.8178806304931641,3,3_bah_baa_mutum_ya,West Africa,Nigeria,Hausa,2026-06-14,183
wato na lura celebrities basu liking ko comment ko re tweet tweet saena yan uwansu celebrities,hau,neutral,0.7331739068031311,0,0_da_ba_allah_ya,West Africa,Nigeria,Hausa,2026-08-10,63
kò níí bàjẹ́ fún wa ire kànkà ni ti wa odò ògùn á gbè wá o,yor,positive,0.8825436234474182,0,0_ni_ti_tí_ní,West Africa,Nigeria,Yoruba,2026-01-24,76
màlúù tí ò nírù ọlọ́run ni í lé eṣinṣin fún un its god that fends off flies for a cow that has no tail god,yor,positive,0.7730932831764221,0,0_ni_ti_tí_ní,West Africa,Nigeria,Yoruba,2026-06-28,126
ojú ò ti okó lokó fi nà tàntàn tó dúró gbandikan ojú ò tòṣùpá kò tòòrùn ni ọ̀run fi mọ́lẹ̀ kedere ojú kì á tì wá,yor,negative,0.45304787158966064,2,2_tó_lọ_run_ojú,West Africa,Nigeria,Yoruba,2026-08-05,496
emi wa a se opo odun laiye,yor,negative,0.4748196303844452,0,0_ni_ti_tí_ní,West Africa,Nigeria,Yoruba,2026-03-08,371
ọmọ wa ò ní kú lójú ẹ̀míi wa,yor,neutral,0.45899277925491333,1,1_ni_ti_ní_tí,West Africa,Nigeria,Yoruba,2026-05-13,417
ìgbà ò lọ bí òréré,yor,neutral,0.7522213459014893,-1,misc / outlier,West Africa,Nigeria,Yoruba,2026-04-04,459
aremu okikiola ebora owu baba oooo distinguish minister naa kijo mole god bless the race,yor,positive,0.9135156869888306,0,0_ni_ti_tí_ní,West Africa,Nigeria,Yoruba,2026-08-21,98
wahala ni banki guarantee omo yahoo ji owo alaroye gbe si banki won ni nibe lawon onijibiti yahoo yahoo n gbowo pamo si o,yor,negative,0.8117527961730957,1,1_ni_ti_ní_tí,West Africa,Nigeria,Yoruba,2026-02-12,21
ẹ wá nǹkan wọ̀nyí fún ikọ́ ilẹ̀ tútù a mú ni mín gúlegúle ewé iṣumẹri ewé jinwinini ewé àti ẹ̀yìn igi oṣé,yor,negative,0.5172942876815796,0,0_ni_ti_tí_ní,West Africa,Nigeria,Yoruba,2026-04-02,452
ẹ̀yin ti lọndọn ṣé ẹ ti ń múra sílẹ̀ fún ṣebí lọ́jọ́ àìkú ọ̀túnla ni,yor,positive,0.6741195917129517,1,1_ni_ti_ní_tí,West Africa,Nigeria,Yoruba,2026-07-17,287
e karo ooooooooo a ji bi ire ni fun wa ni opin ose yin o,yor,positive,0.7493112087249756,1,1_ni_ti_ní_tí,West Africa,Nigeria,Yoruba,2026-02-27,431
alákọ̀wé o gbéra nlẹ̀ ọ dìdé orí rẹ sọre lónìí o ò ní kàbùkù àlọ ire àbọ̀ ire lọ́la olódùmarè,yor,positive,0.9506059288978577,1,1_ni_ti_ní_tí,West Africa,Nigeria,Yoruba,2026-05-17,387
oniregbe aladugbo ati olojukokoro,yor,positive,0.8075353503227234,-1,misc / outlier,West Africa,Nigeria,Yoruba,2026-05-19,344
lílọ wa á dára àbọ̀ kò ní ṣàyì sunwọ̀n ewukéwu kan ò leè kàn wá láyọ̀ la gbé ẹsẹ̀ bóóde ẹsẹ̀ ayọ̀ la óò fi padà wọlé láṣẹ èdùmàrè,yor,negative,0.41284897923469543,0,0_ni_ti_tí_ní,West Africa,Nigeria,Yoruba,2026-07-19,19
fífi àlejò sí ìyára tàbí ibi tí yóò forí lélẹ̀ sùn sí ni à ń pè ní sísọ lọ́jọ̀ fún àpẹẹrẹ bí mo bá ní nígbà tí mo lọ kí babá sọ mí ní ọjọ̀ ohun tí mò ń sọ ni wípé ọọ̀ní fún mi níyàrá tí mo dé sí,yor,negative,0.41554009914398193,0,0_ni_ti_tí_ní,West Africa,Nigeria,Yoruba,2026-05-09,341
gbogbo orin yorùbá laapapo gbefun yorùbátv ẹgbẹ ọmọ olúwa bí gbogbo àgbáyé ojú òpó ìkànsíraẹni □ yoruba tv,yor,positive,0.7679624557495117,0,0_ni_ti_tí_ní,West Africa,Nigeria,Yoruba,2026-03-26,429
inú mi dùn oríì mi wú ọmọ alálùbáríkà lèdùà óò fi fún ọ,yor,positive,0.8350359797477722,0,0_ni_ti_tí_ní,West Africa,Nigeria,Yoruba,2026-06-12,165
e ma binu si mi igbagbe lo se mi,yor,negative,0.5769422650337219,1,1_ni_ti_ní_tí,West Africa,Nigeria,Yoruba,2026-02-27,60
a kàn ń fi ayé ni ira wa lára ṣá ṣé mi ò ní kó lọ sí báyìí,yor,positive,0.7881137132644653,0,0_ni_ti_tí_ní,West Africa,Nigeria,Yoruba,2026-06-06,199
alugbirin o ni ng ma ma tese benu mo bo ju woku ori kendu eyi ti o dun ma mo ju ni yen nbe,yor,negative,0.6139398217201233,1,1_ni_ti_ní_tí,West Africa,Nigeria,Yoruba,2026-07-27,306
jiji mo ji ooo baba mo wa fope fun o mo sun layo mo ji layo mo wa yin o logo,yor,positive,0.8573324680328369,0,0_ni_ti_tí_ní,West Africa,Nigeria,Yoruba,2026-07-21,233
ǹjẹ́ o mọ̀ wípé and co ọmọẹgbẹ́ ni àwọn yorùbá sọ di ààńkò ni ìmúra aṣọ ẹgbẹ́jọdá tí lẹ́gbẹ́lẹ́gbẹ́ ń dá fi di ààńkò,yor,neutral,0.5327398777008057,0,0_ni_ti_tí_ní,West Africa,Nigeria,Yoruba,2026-07-14,281
àgbọ̀n àgbà orí ojí ẹnu alu etí etí ẹsẹ̀ ẹrẹ̀ ojú ejú ọ̀fun ọ̀fa yorùbá àti ìgalà,yor,neutral,0.7183352112770081,-1,misc / outlier,West Africa,Nigeria,Yoruba,2026-08-07,434
odun yi atura koni le koko mo mix ohun ti mo dawole a yo ri ohun ti mo bere loluwa yo se fun mi odun yi atura koni l,yor,positive,0.5470705032348633,0,0_ni_ti_tí_ní,West Africa,Nigeria,Yoruba,2026-02-19,321
líṣàbi nínú òmìnira ẹ̀gbá bí ìyà ńlá bá gbé ni ṣubú ìyà kéékèèké á ma gun orí ẹni lẹ́yìn ìgbà tí aláàfin aólẹ̀ wàjà àìsìnmi ọ̀tẹ̀ ìṣèlú ló gba ọ̀yọ́ kan àwọn ajẹ́lẹ̀ ọ̀yọ́ ní ẹ̀gbá wá sọ ara wọn di ìkokò tí ń jẹ àwọn ará ẹ̀gbá kan egungun pẹ̀lú ipá,yor,neutral,0.3984266221523285,0,0_ni_ti_tí_ní,West Africa,Nigeria,Yoruba,2026-07-26,398
ààbà loògùn tí ń mú èèyàn má le è ṣe nǹkan kan ni oògùn tí máa ń fi ọ̀nà han ọdẹ nínú igbó a agbe b ọ̀rẹ́kẹ́ṣẹ́,yor,neutral,0.511623740196228,0,0_ni_ti_tí_ní,West Africa,Nigeria,Yoruba,2026-03-03,156
ọmọ naija ẹ yéé bára yín jà ẹ máa bára yín jẹun,yor,positive,0.8253607749938965,0,0_ni_ti_tí_ní,West Africa,Nigeria,Yoruba,2026-07-29,332
ọ̀rún ya lé òronsẹn lórí ìbínú gba ọkànan rẹ̀ po ó fi ìtara fi ààfin sílè,yor,negative,0.45208480954170227,1,1_ni_ti_ní_tí,West Africa,Nigeria,Yoruba,2026-04-13,215
wọn ò kí ń ṣiṣẹ́ ní ọ̀san gangan ní òrun ni kálukú ń sùn gbogbo ìlú a wá dákẹ́ rọrọ,yor,neutral,0.5498101711273193,0,0_ni_ti_tí_ní,West Africa,Nigeria,Yoruba,2026-07-09,157
ìbàdàn ni mo wà o ìbàdàn ni mo rè o bẹ́ẹ̀ wá mi dékòó bẹ́ẹ̀ bá mi nílé ìbàdàn ni mo wà,yor,positive,0.7326570153236389,-1,misc / outlier,West Africa,Nigeria,Yoruba,2026-07-25,298
èwo ni à ń pè ní olúgbapẹ̀ nínú oúnjẹ wọ̀nyí àgbàdo gbágudá àti ìbẹ́pẹ,yor,neutral,0.6268788576126099,1,1_ni_ti_ní_tí,West Africa,Nigeria,Yoruba,2026-02-28,127
ìfẹ́ tí ọlọ́run ní sí ọ̀rúnmìlà ni a fi pè é ní ọmọ ọlọ́run,yor,positive,0.5830599665641785,1,1_ni_ti_ní_tí,West Africa,Nigeria,Yoruba,2026-02-21,217
a ò ní wáhun tí a ó jẹ tì lónìí o a ò sì ní pàdé ohun tí yóó jẹ wá ẹ káàárọ̀,yor,neutral,0.37705203890800476,0,0_ni_ti_tí_ní,West Africa,Nigeria,Yoruba,2026-05-13,199
tẹní bẹ́gi lójú igi á rúwé translation he who topped the tree has done his worst the tree will sprout again fẹ́mi fádèyí,yor,negative,0.6566416621208191,0,0_ni_ti_tí_ní,West Africa,Nigeria,Yoruba,2026-05-07,337
ọlọ́run tún ṣe é ọdúnnìí bọ́ sí ọjọ́ àbámẹ́ta,yor,positive,0.9452899694442749,1,1_ni_ti_ní_tí,West Africa,Nigeria,Yoruba,2026-04-02,188
igi gbígbẹ ò ṣe é tẹ̀ ní kọ̀ngọ́ ̀bá,yor,neutral,0.5884748697280884,1,1_ni_ti_ní_tí,West Africa,Nigeria,Yoruba,2026-07-07,228
kàyéfì gbáà ni,yor,neutral,0.5172063708305359,-1,misc / outlier,West Africa,Nigeria,Yoruba,2026-01-08,257
naijiria yìí ti gbogbo wa ni kò mà gbọdọ̀ bàjẹ́ torí kòsí ibòmíràn tí a lè lọ àfi amẹrika àti úróòpù,yor,neutral,0.46420568227767944,0,0_ni_ti_tí_ní,West Africa,Nigeria,Yoruba,2026-01-08,224
aworan alaafin ilu oyoô oba lamidi adeyemi ti wa di akoda fun aare jonathan ori ade fi oyo sile lati pade ebele,yor,negative,0.8344640731811523,0,0_ni_ti_tí_ní,West Africa,Nigeria,Yoruba,2026-07-22,91
bí a bá ṣàkíiyèsí àwọn àmi báwọ̀nyí kí a wa èwé maǹgòrò bòtùjẹ̀ ọ̀pẹ̀ òyìnbo ìrẹlẹ̀ ìbẹ́pẹ,yor,neutral,0.7171755433082581,-1,misc / outlier,West Africa,Nigeria,Yoruba,2026-03-13,11
oluwa yio funwase ni idibo ti o n bo yi e ma se je ka ja ibo ni ke di fun itesiwaju gbogbo omo nigeria,yor,negative,0.625136137008667,-1,misc / outlier,West Africa,Nigeria,Yoruba,2026-05-01,1
èdè yorùbá dùn gbongbon kan sii ènìyàn àtàtà ni eya yorùbá jé wọn máa ń kó ènìyàn mọ́ra wọn sì nifẹ sí ibagbepo àlàláfíà ìwà ifomoniyanse ẹ̀yà yorùbá yìí kii wá ṣe a ń fọ́wọ́ yẹpẹrẹ mú,yor,negative,0.3822028636932373,0,0_ni_ti_tí_ní,West Africa,Nigeria,Yoruba,2026-03-08,316
ti oluwa ni o e ku ojumo eni a san sowo ilera ati alafia amin,yor,positive,0.7398356199264526,1,1_ni_ti_ní_tí,West Africa,Nigeria,Yoruba,2026-02-19,250
ni lárúbáwá gba ìlú egypt ni a gba ni tunisia ni a gba lọ́wọ́ adú,yor,negative,0.4696864187717438,-1,misc / outlier,West Africa,Nigeria,Yoruba,2026-06-27,238
oun ire la ó máa bára ṣe a ò ní ṣedàkejì,yor,positive,0.9604727625846863,0,0_ni_ti_tí_ní,West Africa,Nigeria,Yoruba,2026-06-04,120
ẹ wá mọ irọ́ britain lẹ́hìn tí ó pa òkíkí bini run,yor,positive,0.7841677665710449,1,1_ni_ti_ní_tí,West Africa,Nigeria,Yoruba,2026-03-30,228
dr frederick fasehun o digbose o o darinako o doju ala o doko alawo ma jokun ma jekolo ohun won ba nje lajule orun ni koo maa bawon je o ile oodua oni parun ile nigeria oni parun,yor,negative,0.890488862991333,-1,misc / outlier,West Africa,Nigeria,Yoruba,2026-04-25,390
òtítọ́ amárayá ǹjẹ́ ẹ mọ̀ wípé katunga ni orúkọ tí àwọn haúsá ma ń pe ọ̀yọ́ilé ní ọjọ́ sí,yor,neutral,0.6894413232803345,0,0_ni_ti_tí_ní,West Africa,Nigeria,Yoruba,2026-07-26,316
adalu ogi guguru rt oúnjẹ ni ègbo kí ni a fi ṣe ègbo dárúkọ oúnjẹ mẹ́ta ti a fi àgbàdo ṣe,yor,positive,0.7078409790992737,0,0_ni_ti_tí_ní,West Africa,Nigeria,Yoruba,2026-08-28,399
se daadaa le ji alafia oluwa maba wa gbe ooo,yor,positive,0.8329187035560608,1,1_ni_ti_ní_tí,West Africa,Nigeria,Yoruba,2026-07-05,419
ìjánjá ẹran yàtọ̀ sí ìjànjà ️,yor,neutral,0.47076112031936646,0,0_ni_ti_tí_ní,West Africa,Nigeria,Yoruba,2026-03-31,234
ògòngò ► ostrich ògògóngògògóngò ► adams apple | ògòngò ga | sọlá ní gògóngò lọ́rùn,yor,neutral,0.5086466670036316,1,1_ni_ti_ní_tí,West Africa,Nigeria,Yoruba,2026-04-04,428
this came on time o ṣé dámiláre,yor,positive,0.9401065111160278,0,0_ni_ti_tí_ní,West Africa,Nigeria,Yoruba,2026-01-21,91
ọmọ àti ìyá òkè àti ilẹ̀ okó àti,yor,neutral,0.8013889193534851,1,1_ni_ti_ní_tí,West Africa,Nigeria,Yoruba,2026-02-26,414
ẹ káàsán o ìyáa wa bó o lònìí oníṣẹ́ẹ̀ mi ti wà níléiṣẹ́ẹ yín àmọ́ wọ́n lẹ́ni máa fúnun níwé ìwọlé kò sí ńtòsí,yor,negative,0.3761591613292694,0,0_ni_ti_tí_ní,West Africa,Nigeria,Yoruba,2026-01-27,242
kòókòó jànánjànán wa ò ní já sásán lágbára ọba àwíìróàlá,yor,neutral,0.549996554851532,0,0_ni_ti_tí_ní,West Africa,Nigeria,Yoruba,2026-02-28,204
àpèrè ọba èkó ni kì í ṣe àga àlejò,yor,neutral,0.7821876406669617,0,0_ni_ti_tí_ní,West Africa,Nigeria,Yoruba,2026-05-01,54
♫ èmi ganan ganan lèmi wọ́n ò ní fẹlòmíì ṣe mí ♫,yor,positive,0.35123059153556824,0,0_ni_ti_tí_ní,West Africa,Nigeria,Yoruba,2026-02-20,34
ekabo sori eto oju orun to eye fo lai fara gbara won,yor,negative,0.874575138092041,0,0_ni_ti_tí_ní,West Africa,Nigeria,Yoruba,2026-03-28,65
ìjọ̀gbọ̀n bóo fún àpẹẹrẹ ìyáà mi ní aápọn ẹ tún gbìyànjú sí i,yor,positive,0.5099157094955444,1,1_ni_ti_ní_tí,West Africa,Nigeria,Yoruba,2026-02-22,183
ajé olókùn ajé onírè ajé ṣálúgà gbé ire owó tútù tí ń dóṣìpaàgbàànà kò mí bùn mí níre owó tabua nítorí owó ló dùn ún jayé láìsí owó kò sí ènìyàn,yor,negative,0.39819982647895813,0,0_ni_ti_tí_ní,West Africa,Nigeria,Yoruba,2026-05-04,220
ikini ojo jimo fun ekaaro eku ipalemo odun o,yor,positive,0.9457419514656067,1,1_ni_ti_ní_tí,West Africa,Nigeria,Yoruba,2026-06-09,187
awon kan npe nii aganrandi,yor,neutral,0.4827415645122528,-1,misc / outlier,West Africa,Nigeria,Yoruba,2026-08-19,46
rhythmic aránmúpè consonants ḿ and ń they can stand on their own báyọ̀ ń lọ sí ilé àrà m̀ bá dá they can start words ǹjẹ́ ḿbẹ ńkọ́ m̀bá they often carry tonal marks m̀ ḿ ń ǹ consonants can follow them ǹjẹ́ ḿbẹ ńkọ́,yor,neutral,0.47009915113449097,-1,misc / outlier,West Africa,Nigeria,Yoruba,2026-06-06,410
ebi ò ní pa kóówá tọmọtọmọ o àmínàṣẹ,yor,positive,0.4485434293746948,0,0_ni_ti_tí_ní,West Africa,Nigeria,Yoruba,2026-08-04,226
ẹ ṣeun fún àwàdà yìí ẹ gbọ́ kí làmàlá so mẹ́ṣẹ̀ panla n làmàlá so mẹ́ṣẹ̀ panla,yor,neutral,0.7336932420730591,0,0_ni_ti_tí_ní,West Africa,Nigeria,Yoruba,2026-01-01,258
ẹ ṣé anti máyọ̀wá im grateful,yor,negative,0.5597700476646423,1,1_ni_ti_ní_tí,West Africa,Nigeria,Yoruba,2026-05-03,261
dajudaju kii se omo ibadan kini sho ko kini soo ni a n pe ni ibadan lol,yor,negative,0.7285993099212646,0,0_ni_ti_tí_ní,West Africa,Nigeria,Yoruba,2026-08-21,336
pe kini rt njẹ́ ẹ ti gbọ pé a ti le ikú lọ ní ilé wá ati le àrun lọ o di gbére,yor,negative,0.7851794362068176,0,0_ni_ti_tí_ní,West Africa,Nigeria,Yoruba,2026-06-17,20
oṣù kìníní là ti ń sọ yìí lọ́jọ́ sí oṣù kejì ológun britain wá da bini rú wọ́n sọ ìlú ọlá bini di aoro,yor,negative,0.4875030815601349,-1,misc / outlier,West Africa,Nigeria,Yoruba,2026-03-30,20
arọ tí kò lẹ́sẹ̀ nílẹ̀ẹ́ lọ́gbọ́n nínú,yor,neutral,0.7458963990211487,1,1_ni_ti_ní_tí,West Africa,Nigeria,Yoruba,2026-07-24,325
oro ni yen ki awon odo wa gbo lo ku,yor,positive,0.5469128489494324,0,0_ni_ti_tí_ní,West Africa,Nigeria,Yoruba,2026-06-14,66
ẹlẹ́rù ní ńgbé ẹrù ká tó ba ké ọfẹ,yor,neutral,0.8346142768859863,2,2_tó_lọ_run_ojú,West Africa,Nigeria,Yoruba,2026-01-22,42
wọ́n gba ti wa tó jẹ́ ojúlówó wọ́n gbé pánda fún wa,yor,negative,0.8784205317497253,2,2_tó_lọ_run_ojú,West Africa,Nigeria,Yoruba,2026-08-02,472
ọrẹ orisirisi lo yi ọ ká sọra fun aye ọrẹ mi ẹni ti o ro wipe kò le dà ẹ iru wọn ni ma n seku pani,yor,positive,0.6316655278205872,0,0_ni_ti_tí_ní,West Africa,Nigeria,Yoruba,2026-06-19,375
ẹgbẹ́ olùkọ́ ìlú ò fi owó sí ife ẹ̀yẹ àgbáyé torí ìjọba ò gbọ́ ti wọn,yor,positive,0.5780320763587952,0,0_ni_ti_tí_ní,West Africa,Nigeria,Yoruba,2026-01-31,160
èdèe wa ni kí a ma lò lórí ayélujára kí a fàyè sílẹ̀ láti lè túmọ̀ rẹ sì gẹ̀ẹ́sì àtàwọn èdè ilẹ̀ẹ wa mìíràn,yor,neutral,0.5207140445709229,0,0_ni_ti_tí_ní,West Africa,Nigeria,Yoruba,2026-08-21,398
ọmọ aráyé ńpàtẹ́wọ́ fún yànmùyánmú inú ẹ̀ ńdùn kò mọ̀ pé òun ńfi ikú ṣeré ni mosquito rejoices when people clap,yor,negative,0.6406052708625793,1,1_ni_ti_ní_tí,West Africa,Nigeria,Yoruba,2026-04-10,368
ikún ► squirrel ikùn ► stomach ìkún ► state of being fullto be filled ikun ► catarrh,yor,negative,0.7976077795028687,1,1_ni_ti_ní_tí,West Africa,Nigeria,Yoruba,2026-07-20,261
èrò ni ọbẹ̀ gbẹ̀gìrì,yor,neutral,0.7965517640113831,-1,misc / outlier,West Africa,Nigeria,Yoruba,2026-07-02,40
bíi ti àná ifá gba àwọn ọmọ méjèèjì ní mọ̀ran ó ní kí wọn ó ṣe bí ìyá wọn ti ṣe lọ́jọ́ kìnínní àná,yor,neutral,0.3762534260749817,1,1_ni_ti_ní_tí,West Africa,Nigeria,Yoruba,2026-07-12,27
won je ayo na ti ni aja kini anfani ninu ki a binu si eni ti olorun gbega iparun ni eda to ba se iru eyi wa,yor,negative,0.8919574022293091,1,1_ni_ti_ní_tí,West Africa,Nigeria,Yoruba,2026-02-21,385
streets with kristi and ayanfe on yorùbátv ẹgbẹ ọmọ olúwa bí gbogbo àgbáyé ojú òpó ìkànsíraẹni □ yoruba tv,yor,positive,0.6423928737640381,0,0_ni_ti_tí_ní,West Africa,Nigeria,Yoruba,2026-05-03,258
ẹ tiẹ̀ gbọ́ ná èé ti jẹ́ tí ẹ̀yin awo ò ṣe dẹ láàlú sí wọn kó da àrin wọn rú èdèàìyedè kó tú wọn ká,yor,negative,0.5787580013275146,0,0_ni_ti_tí_ní,West Africa,Nigeria,Yoruba,2026-08-16,458
ṣíṣe owó wa ńṣekúṣe,yor,neutral,0.6823188662528992,0,0_ni_ti_tí_ní,West Africa,Nigeria,Yoruba,2026-02-15,193
ajumobi kan ko ko ti anu eni oluwa ran si ni ni nse ni loore,yor,negative,0.7599865198135376,1,1_ni_ti_ní_tí,West Africa,Nigeria,Yoruba,2026-04-22,334
bí ọdún bá kan ọdún pèrègún a máwọ̀ tuntun wáyé ire ogbó,yor,positive,0.44906389713287354,-1,misc / outlier,West Africa,Nigeria,Yoruba,2026-07-22,486
a dúpẹ́ o a ń wojú ẹ̀ dé nkan bí ago mẹ́jọ ó yẹ kó ti kásẹ̀ ńlẹ̀ láago méjìlá ẹ ẹ̀ yáa kọrí sí ibiṣẹ́,yor,neutral,0.440649151802063,0,0_ni_ti_tí_ní,West Africa,Nigeria,Yoruba,2026-06-12,401
gómìnà ìpínlẹ̀ èkó ti pàṣẹ pé kí wọ́n ti gbogbo ọjà àti ìsọ̀ tí kò tá ohun tí kò ṣe pàtàkì fún ọjọ́ méje tí y,yor,negative,0.41794252395629883,0,0_ni_ti_tí_ní,West Africa,Nigeria,Yoruba,2026-03-27,69
iru okere gun ju ti ikun lo okere le gun ori igi ikun n gbe inu iho sapamo,yor,negative,0.8668873310089111,1,1_ni_ti_ní_tí,West Africa,Nigeria,Yoruba,2026-01-23,13
e kaaro oh aa ji bi oni a san wa sire owo ati ola oh loruko olodumare amin,yor,positive,0.5025137662887573,1,1_ni_ti_ní_tí,West Africa,Nigeria,Yoruba,2026-07-25,438
iyanu ni ojo oni a je fun wa ooo ibanuje ko ni wo le to wa oo asiri wa ko ni tu ipinle odua ko ni daru ooo,yor,negative,0.8084192872047424,0,0_ni_ti_tí_ní,West Africa,Nigeria,Yoruba,2026-07-04,33
èyí ló fà á tí obìnrin fi ṣe pàtàkì nípa èdè sísọ,yor,neutral,0.6415754556655884,0,0_ni_ti_tí_ní,West Africa,Nigeria,Yoruba,2026-04-12,314
ẹranko abìwo ẹranko afàyàfà ẹranko abìyẹ́,yor,neutral,0.6830735206604004,0,0_ni_ti_tí_ní,West Africa,Nigeria,Yoruba,2026-04-29,374
ọba akínni a kì í ọba tí a ò gbọdọ̀ má kì í ọba òní àná ọba títí láí ọba ọlọ́wọ́ gbọgbọrọ o ṣeun jíjí ire,yor,positive,0.43271756172180176,-1,misc / outlier,West Africa,Nigeria,Yoruba,2026-04-13,354
omo kekere o kin dagba loju obi e ̀bá,yor,positive,0.704074501991272,1,1_ni_ti_ní_tí,West Africa,Nigeria,Yoruba,2026-07-10,417
ko si abo fun enikeni mo ni orile ede yi falana,yor,positive,0.7985802292823792,0,0_ni_ti_tí_ní,West Africa,Nigeria,Yoruba,2026-01-22,56
ìjàmbá ọkọ̀ tó fa àìlọgeere,yor,neutral,0.8120684027671814,2,2_tó_lọ_run_ojú,West Africa,Nigeria,Yoruba,2026-07-05,99
àjínde ara ni kó máa jẹ́ tiyín lónìí o,yor,positive,0.9450398087501526,0,0_ni_ti_tí_ní,West Africa,Nigeria,Yoruba,2026-02-10,67
ní kò sí ìséde gbálé n gbáta lónìí torí ìdánwò ìwọlé ẹ̀kọ́ gíga,yor,neutral,0.5220211744308472,-1,misc / outlier,West Africa,Nigeria,Yoruba,2026-02-13,453
oruko mi ni ogbeni taiwo adewumi olaiya omo bibi ilu ise ni ipinle ekiti mo ki gbogbo ile e kaaro o eni a san wa ooo,yor,positive,0.7521795034408569,0,0_ni_ti_tí_ní,West Africa,Nigeria,Yoruba,2026-02-02,251
mo ṣe àyán ògbufọ̀ sédèe yoòbá gtgtgtgt,yor,negative,0.6902217864990234,0,0_ni_ti_tí_ní,West Africa,Nigeria,Yoruba,2026-01-08,147
o máa ń jẹ àgbọn ṣé o mọ ohun tí à ń pe ẹ̀yà ara àgbọn,yor,positive,0.40075957775115967,0,0_ni_ti_tí_ní,West Africa,Nigeria,Yoruba,2026-02-08,489
akú àjọdún ìbi krístì adèkú imura ọdún tuntun ti mbe niwaju httpst,yor,neutral,0.6801456212997437,0,0_ni_ti_tí_ní,West Africa,Nigeria,Yoruba,2026-06-01,415
tùmọ̀ sí èdè yorùbá snow dew stem of a tree girls spincer bachelors,yor,positive,0.459186851978302,1,1_ni_ti_ní_tí,West Africa,Nigeria,Yoruba,2026-08-20,469
jagunjagun ò ṣe é fi ogun mú,yor,positive,0.8237219452857971,0,0_ni_ti_tí_ní,West Africa,Nigeria,Yoruba,2026-04-30,407
mo kí gbogbo eléré ìdárayá wa ní london kú akitiyan o jàre yakubu adesokan kú iṣẹ́ ti àná o,yor,positive,0.9403250813484192,0,0_ni_ti_tí_ní,West Africa,Nigeria,Yoruba,2026-07-26,84
ọjọ́ ìsinmi tíà ń pe ọjọ́ọ̀sẹ̀ sunday kì í ṣe ọjọ́ tí a fi ń sinmi gẹ́gẹ́ bí a ṣe mọ̀n ọ́n lónìí yorùbá ní ìtàn nípa ìtumọ̀,yor,neutral,0.45687589049339294,1,1_ni_ti_ní_tí,West Africa,Nigeria,Yoruba,2026-06-17,351
obì obì ni ń bí ikú dànù obì á bi ikú dànù fún ẹ àádùn dídùn ni ti àádùn aiyé rẹ á ní adùn orógbó aiyé rẹ á gbó o and so on conversion to other religions has made the practice become sidelined boys are believed to have bones girls bones,yor,negative,0.5177558064460754,0,0_ni_ti_tí_ní,West Africa,Nigeria,Yoruba,2026-02-07,403
chop life geng o ti pada beyin yo,yor,negative,0.8249081373214722,1,1_ni_ti_ní_tí,West Africa,Nigeria,Yoruba,2026-06-06,369
orí erùpẹ̀ sahara òkun pupa òkun indian ni larubawa gbà orí òkun atlantic lòyìbó europe gbà wá ní tiwọn,yor,negative,0.7143828868865967,-1,misc / outlier,West Africa,Nigeria,Yoruba,2026-07-31,476
ògún lákayé ọsìnmọlẹ̀ oníjà oòle adìgìrì gììrì re ibi ìjà the awesome eulogy of ògún the òrìṣà of iron and war pleasing to the ears like the melody of the forest birds oríkì aládùn òrìṣà ògún ó rẹwà létí bíi ohùn aládùn ẹiyẹ oko by,yor,negative,0.3457838296890259,0,0_ni_ti_tí_ní,West Africa,Nigeria,Yoruba,2026-06-02,113
òbí rere ni ìwọ tí o bá mọ rírì ọmọ,yor,positive,0.4936235547065735,1,1_ni_ti_ní_tí,West Africa,Nigeria,Yoruba,2026-05-02,33
ko ju bee lo ara oko ti yio je burediafi esuru ranse sile gba fun baba nile ni gba fun gbada loko,yor,negative,0.9204241633415222,1,1_ni_ti_ní_tí,West Africa,Nigeria,Yoruba,2026-06-18,426
kẹ̀tẹ̀ ni à ń pe irúu màálù báyìí tí ò ní iké lẹ́yìn nílẹ̀ẹ́ yoòbá,yor,neutral,0.7115878462791443,1,1_ni_ti_ní_tí,West Africa,Nigeria,Yoruba,2026-08-28,179
èèyàn ò ṣe kúkú mu àgbo,yor,positive,0.7272286415100098,0,0_ni_ti_tí_ní,West Africa,Nigeria,Yoruba,2026-03-31,312
won ti so fun mi pe emi ni maa gbapo lowo aregbesola lasun yusuff,yor,negative,0.9010545611381531,0,0_ni_ti_tí_ní,West Africa,Nigeria,Yoruba,2026-02-09,387
ire kanka lose yi fun gbogbo omo oodua ati omo naijiria o,yor,positive,0.9226650595664978,0,0_ni_ti_tí_ní,West Africa,Nigeria,Yoruba,2026-05-21,129
nítesíwájú ìwádìí fi hàn wípé ọsàn àgbálùmọ́ ní agbára láti wo àrùn ọkàn,yor,neutral,0.6837418675422668,-1,misc / outlier,West Africa,Nigeria,Yoruba,2026-05-21,81
ìbà ọlọ́run olódùmarè ọba awímáyẹhùn ọpẹ́ yẹ ọ o olúwa,yor,positive,0.955245852470398,1,1_ni_ti_ní_tí,West Africa,Nigeria,Yoruba,2026-02-03,165
ìrírí ìṣọdẹ báwọ̀nyí ló fà á tí àwọn ọdẹẹ́ ṣe máa ń fi orin ìjálá ki ara wọn àti lẹ́yìn tí ògúngbè bá jẹ́ ògún nípè fún iṣẹ́ takuntakun tí ọdẹẹ́ ti pa nígbó tí wọn yóò tú pẹẹrẹpẹ́ẹ̀rẹ̀ àkójọ́pọ ìtàn,yor,negative,0.4051676094532013,-1,misc / outlier,West Africa,Nigeria,Yoruba,2026-01-06,459
bí wọ́n ti ń bí nílé ni wọ́n ń bí lóko bí ẹ bá rí méjì awo bẹ́ẹ̀ ẹ̀yin ò mọ awo òtúá ló ti tú ìbejì sínú ilé ńlá ẹ̀ bá rí awo bẹ́ẹ̀ ẹ̀yin ò mọ awo,yor,neutral,0.44528186321258545,0,0_ni_ti_tí_ní,West Africa,Nigeria,Yoruba,2026-01-04,314
akuko baba mi kan lai lai,yor,neutral,0.7401047348976135,1,1_ni_ti_ní_tí,West Africa,Nigeria,Yoruba,2026-07-24,140
ẹni mélòó ló wà lábà a púpọ̀ b méjì d mẹ́rin,yor,neutral,0.6038141250610352,1,1_ni_ti_ní_tí,West Africa,Nigeria,Yoruba,2026-07-05,463
kò sí nǹkan tí ìyá rere ò le è ṣe fún ọmọ rẹ̀ lè fi ẹ̀míi rẹ̀ lélẹ̀ fún ọmọ rẹ̀ ìyá tí ń gba ikú ọmọ rẹ̀ kú,yor,neutral,0.5234736204147339,0,0_ni_ti_tí_ní,West Africa,Nigeria,Yoruba,2026-06-16,417
kíni ìtumọ̀ irínwó ní orúkọ ìṣirò owó ẹyọ ló jẹ́ yẹ àwòrán yìí wò fún bí a ṣe máa ń sín,yor,neutral,0.5984594821929932,0,0_ni_ti_tí_ní,West Africa,Nigeria,Yoruba,2026-01-27,233
bi omi ba gbagbe orisun e gbigbe ni n gbe if waters forgets its source it drys up revelationmedia,yor,negative,0.9003885984420776,2,2_tó_lọ_run_ojú,West Africa,Nigeria,Yoruba,2026-05-15,73
egun ni fun omo ti oba tu ihoho iya re nita gbangba ode pa iya re lekun nitori alakori jonathanu,yor,negative,0.9003920555114746,1,1_ni_ti_ní_tí,West Africa,Nigeria,Yoruba,2026-07-11,130
nínú àṣà ìgbéyàwó ìfojúsóde ni ìgbésẹ̀ àkọ́kọ́ kíni ìgbésẹ̀ kẹ́rin a ìjóhẹn b ìdána d ìtọrọ,yor,neutral,0.716486394405365,-1,misc / outlier,West Africa,Nigeria,Yoruba,2026-08-28,257
onise iyanumiracle worker onise arawonderful onise nlagreat god mimo mimo mimoholy holy holy oba to ninu mi,yor,positive,0.9352431297302246,0,0_ni_ti_tí_ní,West Africa,Nigeria,Yoruba,2026-02-05,493
ǹjẹ́ o mọ̀ pé òjò ìlú èkó pọ̀ ju tibikíbi ńlẹ̀ lọ onímọ̀ ojú ọjọ́ pé ilẹ̀ omi lèkó omi pọ̀ ńnú afẹ́fẹ́ ló fà,yor,neutral,0.5143032670021057,1,1_ni_ti_ní_tí,West Africa,Nigeria,Yoruba,2026-04-22,470
kí ni à ń fi ẹ̀mú ṣe,yor,neutral,0.658765435218811,-1,misc / outlier,West Africa,Nigeria,Yoruba,2026-08-12,245
èdè yorùbá dùn lédè tẹ̀gàn ni hè,yor,neutral,0.7563345432281494,1,1_ni_ti_ní_tí,West Africa,Nigeria,Yoruba,2026-02-19,106
eko se pataki eko se koko abo eko ko wulo fun eleko fun rare,yor,positive,0.5826210379600525,0,0_ni_ti_tí_ní,West Africa,Nigeria,Yoruba,2026-07-31,303
láfikun sí i àsìkò òjò ni ohun oko máa ń ta jùlọ nínú ọdún bọ̀kùàbọ̀kùà ni ohun ọ̀gbìn yóò ta,yor,neutral,0.7899104952812195,-1,misc / outlier,West Africa,Nigeria,Yoruba,2026-08-12,134
eyi ni idajọ na pe imọlẹ wá si aiye awọn enia si fẹ òkunkun jù imọlẹ lọ nitoriti iṣẹ wọn buru,yor,neutral,0.5001425743103027,0,0_ni_ti_tí_ní,West Africa,Nigeria,Yoruba,2026-02-24,315
ken ọkọyàwó o kú oríire o barbie ìyàwó wa wàá bí ìbejì,yor,positive,0.5895506143569946,0,0_ni_ti_tí_ní,West Africa,Nigeria,Yoruba,2026-01-08,259
honestly i had this experience yesterday one brother sitting close will not allow me concentrate bọ̀bọ́ yẹn kàn ń gbá ni àfi bí epo,yor,negative,0.6504954099655151,-1,misc / outlier,West Africa,Nigeria,Yoruba,2026-03-06,121
jakumo okin rinde osan eni abire o kin ri oru,yor,negative,0.7066433429718018,1,1_ni_ti_ní_tí,West Africa,Nigeria,Yoruba,2026-02-24,163
óro ti o nbaninu jè ni ifipa bani lo pò larin awon ómó ti o ti balaga ati awon okunrin òrò yi fé ayéwo gidigidi,yor,negative,0.7484195828437805,0,0_ni_ti_tí_ní,West Africa,Nigeria,Yoruba,2026-03-16,190
iya re le lowo lowo ki baba re lesin lekan ti o ba gboju le won o te tan ni mo wi,yor,negative,0.8072834014892578,1,1_ni_ti_ní_tí,West Africa,Nigeria,Yoruba,2026-05-09,18
ikun n jogede ikun n redi ikun o mo wipe ohun to dun a maa pani ohun lo difa fun opo awon olori wa ni orileede yii,yor,positive,0.6015201807022095,0,0_ni_ti_tí_ní,West Africa,Nigeria,Yoruba,2026-03-03,101
nítorí náà ọ̀gá àgbàa ti gbaradì láti yànànáa ipa ayárabíàṣá fún ètò ẹ̀kọ́,yor,neutral,0.5360413789749146,0,0_ni_ti_tí_ní,West Africa,Nigeria,Yoruba,2026-07-15,93
onírúurú ọ̀nà ni à ń gbà ṣe irun orí irun ọmọdé kò jọ tàgbà ti ọkùnrin yàtọ̀ sí ti obìnrin ti olóòṣà dúró gedegbe,yor,negative,0.45413246750831604,0,0_ni_ti_tí_ní,West Africa,Nigeria,Yoruba,2026-05-31,206
arómọgẹ̀gẹ̀ òjí ní kùtùkùtù mókùn ọlà dání ṣíjú rere wò mí kí n lówó ìyá ajé olùpèsè ọrọ̀ wá jókòó kalẹ̀ síléè mi,yor,neutral,0.539281964302063,0,0_ni_ti_tí_ní,West Africa,Nigeria,Yoruba,2026-03-25,82
ni ọmọọba bá wí fún olùkọ́ àgbà ags wípé àbí ẹ fẹ́ ṣíwọ́ sókè lu ọba ni,yor,neutral,0.5595663785934448,1,1_ni_ti_ní_tí,West Africa,Nigeria,Yoruba,2026-03-08,325
ta ló more ọlọ́run èmi more ọlọ́run mo dúpẹ́ ẹni dúpẹ́ ore nkọ́,yor,positive,0.9531539678573608,1,1_ni_ti_ní_tí,West Africa,Nigeria,Yoruba,2026-05-20,479
bi a ba se mo ko ni o emi o ni ero ami ki asa ti lo cc,yor,negative,0.8489382863044739,1,1_ni_ti_ní_tí,West Africa,Nigeria,Yoruba,2026-04-18,142
èèyàn ò sunwọ̀n ní ààyè ọjọ́ a bá kú là á di ère èèyàn kò rí ibi sùn ajá ń hanrun,yor,neutral,0.447090744972229,0,0_ni_ti_tí_ní,West Africa,Nigeria,Yoruba,2026-08-02,347
dárúkọ irú ìlẹ̀kẹ̀ mẹ́ta,yor,neutral,0.7735340595245361,1,1_ni_ti_ní_tí,West Africa,Nigeria,Yoruba,2026-02-03,167
ó yá follow me back ẹ seun,yor,positive,0.8425832390785217,0,0_ni_ti_tí_ní,West Africa,Nigeria,Yoruba,2026-01-16,458
a kú ọjọ́ òmìnira ilú nàìjíríà o,yor,positive,0.9534125328063965,-1,misc / outlier,West Africa,Nigeria,Yoruba,2026-08-21,192
báwo ni o ẹ kú jọ́ mẹ́ta,yor,positive,0.9008097648620605,1,1_ni_ti_ní_tí,West Africa,Nigeria,Yoruba,2026-07-09,86
ooru naa ko ti kase nle ni naija bi otile jepe ojo ti bere rt òtútù yìí ò ní káwọ́ ńlẹ̀ ni ṣèbí a ti w,yor,negative,0.7708200812339783,0,0_ni_ti_tí_ní,West Africa,Nigeria,Yoruba,2026-04-01,405
àtùpà ayọ̀ ire ògòo ayé mi á bùyọ kì yóò kú,yor,positive,0.9585614204406738,1,1_ni_ti_ní_tí,West Africa,Nigeria,Yoruba,2026-08-18,401
amin ase àtùpà ayọ̀ ire ògòo ayé mi á bùyọ kì yóò kú,yor,positive,0.9608966112136841,0,0_ni_ti_tí_ní,West Africa,Nigeria,Yoruba,2026-04-28,135
ikú ń kanlẹ̀kùn oúnjẹ àgbáyé àti ewu tí ó rọ̀ mọ́ ọn,yor,neutral,0.6485076546669006,1,1_ni_ti_ní_tí,West Africa,Nigeria,Yoruba,2026-06-19,58
bee ni o won fe ka dabi atoroje ni awon agba lowo meeri onijekuje,yor,negative,0.8249760270118713,0,0_ni_ti_tí_ní,West Africa,Nigeria,Yoruba,2026-05-30,393
owó ti ayé ìwà ti òrun eni tólówó tí kò níwà dàbí onísòwò pàtàkì tí kò rílé désí,yor,neutral,0.5246017575263977,0,0_ni_ti_tí_ní,West Africa,Nigeria,Yoruba,2026-07-28,271
ọlọ́run ṣe àmọ̀nà wa lọ́jọ́ òní fúnwa ní oreọ̀fẹ́ àti dáríjin àwọn tó ṣẹ̀wá kí àwa fi lè rí ìdáríjìn lọ́dọ̀ rẹ,yor,positive,0.4200267493724823,2,2_tó_lọ_run_ojú,West Africa,Nigeria,Yoruba,2026-08-20,24
ní ìparí ǹjẹ́ a mọ ọlọ́run àbí a ò mọ̀ ọ́n,yor,positive,0.4805063009262085,1,1_ni_ti_ní_tí,West Africa,Nigeria,Yoruba,2026-05-13,325
yanjú àwọn olórí ogun òhun tó ń dìtẹ̀ kiri àlejò yìí mọ̀ wípé ohun kò lè to ọmọ ogun jọ ṣùgbọ́n ó yan ọ̀nà láti fi gba àwọn ọmọ ogun ní ọ̀rọ̀ ìyànjú kí wọ́n káwọ́ ọ̀tẹ̀ sílẹ̀ àwọn olórí ogun pàdé ní ìkòyí láti káwọ́ ìjà sílẹ̀ àlejò ọba gbìyànjú,yor,neutral,0.47636550664901733,-1,misc / outlier,West Africa,Nigeria,Yoruba,2026-04-18,439
òru àti ọ̀sán ọmọdé àti àgbà òrùlé àti àlejò olówó àti tálákà fún wa ní àpẹẹrẹ àwọn àjùmọ̀rìn ọ̀rọ̀ méjì mìíràn tí o bá mọ̀,yor,neutral,0.42640602588653564,-1,misc / outlier,West Africa,Nigeria,Yoruba,2026-07-31,184
ǹjẹ́ ìwọ́ mọ̀ wípé àjẹnù ìrèkè a máa fa àkéréke bí ohun aládìńdùn ṣe ń fa kòkòrò,yor,neutral,0.6412489414215088,0,0_ni_ti_tí_ní,West Africa,Nigeria,Yoruba,2026-08-23,494
ṣé látara ọ̀bọ lo ti wá adẹ́dàá ò dá wa lọ́bọ èèyàn ló dá wa èmi eè ṣe ẹbí ẹbí èèyàn ni mí,yor,positive,0.6425325274467468,0,0_ni_ti_tí_ní,West Africa,Nigeria,Yoruba,2026-08-13,446
ẹ jẹ́ ń sọ pé àwọn arab larubawa ló pe ilẹ̀ adú ní sudan,yor,negative,0.5986353754997253,-1,misc / outlier,West Africa,Nigeria,Yoruba,2026-05-09,231
e wo foto ayeye igbeyawo omo ajimobi ati omo danguje nipinle kano fofo,yor,negative,0.4589938819408417,0,0_ni_ti_tí_ní,West Africa,Nigeria,Yoruba,2026-02-03,284
how much water should we drink in a day ẹ báwa dási,yor,positive,0.40914443135261536,2,2_tó_lọ_run_ojú,West Africa,Nigeria,Yoruba,2026-05-17,266
àkààèèbó ni o èyí tí wọ́n rọra fi awẹ́ ọ̀gẹ̀dẹ̀ kan dé fìlà fún,yor,neutral,0.6568639874458313,1,1_ni_ti_ní_tí,West Africa,Nigeria,Yoruba,2026-02-08,296
bàbá rere ojúù rẹ dà a,yor,positive,0.9574211239814758,1,1_ni_ti_ní_tí,West Africa,Nigeria,Yoruba,2026-05-15,352
kò ì tí ì sí ìdíwo lórí afá ọkọ̀ ń lọ geere de òwòrò kò sí súnkẹrẹ ọkọ̀,yor,neutral,0.6104263067245483,1,1_ni_ti_ní_tí,West Africa,Nigeria,Yoruba,2026-05-11,451
iwude ìjẹ̀sà ó jẹ́ ọdún tí àwọn ìjẹ̀ṣà ma ń ṣe láti rántí àwọn aláálẹ̀ wọn àti láti ṣe ìtẹríba fún wọn àti wípé wọ́n ma tún ń fi àsìkò náà rúbọ àti gba àdúrà sí elédùmarè fún dáada ìsinmi àti ìlọsíwájú àwọn ọmọ ìlú,yor,neutral,0.39590200781822205,0,0_ni_ti_tí_ní,West Africa,Nigeria,Yoruba,2026-01-05,458
ìròyìn àgbáyé on abẹ́òkúta watch the full video via,yor,positive,0.42395108938217163,0,0_ni_ti_tí_ní,West Africa,Nigeria,Yoruba,2026-08-12,53
ìwọfà lẹnu ibi tó bá wu ẹlẹnu ló lè ran lọ the mouth is a pawnservant it can be sent to wherever the owner pl,yor,negative,0.8693420886993408,0,0_ni_ti_tí_ní,West Africa,Nigeria,Yoruba,2026-04-23,129
ìkíni ní ilẹ̀ yorùbá sí ẹni tí ń ṣe àárẹ̀ ẹ pẹ̀lẹ́ o ẹ má fi ara sílẹ̀ sí àwọn tí wọ́n ń ya ara wọn ó dàbọ̀ ìpàdé wa bíi oyinó dàbọ̀ kí a má pàdé mọ́ sí ẹni tí èèyàn pàdé lọ́nà ẹ pẹ̀lẹ́ o ẹ yára lọ sí ẹni tí ó ń sinmi ẹ kúu ìsinmi,yor,neutral,0.4231196343898773,0,0_ni_ti_tí_ní,West Africa,Nigeria,Yoruba,2026-07-18,274
aburo gomina ana ipinle kogi governor ati awon meta miran ni won pa ni eto idibo ijoba ibile,yor,negative,0.8411015868186951,0,0_ni_ti_tí_ní,West Africa,Nigeria,Yoruba,2026-02-16,322
omo orile ede naijira ni mi a bi mi ni ilu ileife ki olorun bukun orile ede mi amin,yor,positive,0.8797786235809326,0,0_ni_ti_tí_ní,West Africa,Nigeria,Yoruba,2026-06-05,438
ajumọbi ò kọ aanu ẹni oluwa ba ran sini lo n seni loore,yor,neutral,0.5126923322677612,1,1_ni_ti_ní_tí,West Africa,Nigeria,Yoruba,2026-01-02,201
wọ́n rán ọ̀bọ sí ibùgbé àwọn sójà náà bí àwọn sójà ti ń pa ọ̀bọ ọmọ wọn ma kú ní ilé àárẹ̀ àti ikú àràmàǹdà ní wọ́n fi ta àwọn sójà àti ẹbí wọn lọ́rẹ ní yanturu ní àkókò náà wọ́n padà gbé àwọn sójà tí wọ́n kópa nínú ìjà náà kúrò nílùú,yor,negative,0.4394293427467346,0,0_ni_ti_tí_ní,West Africa,Nigeria,Yoruba,2026-07-18,377
sugbon iwon ni won le tan wa mo awa naa ti kuro ninu okunkun bayii,yor,negative,0.8742659687995911,0,0_ni_ti_tí_ní,West Africa,Nigeria,Yoruba,2026-07-24,408
ẹ káàárọ̀ o ọjọ́ ire o,yor,positive,0.9648799896240234,1,1_ni_ti_ní_tí,West Africa,Nigeria,Yoruba,2026-02-08,190
kí ni ní fún olówò kékéèké gt,yor,neutral,0.6972967386245728,-1,misc / outlier,West Africa,Nigeria,Yoruba,2026-02-14,135
bade de ade obaa o ba deobo oba n ho idia o ba ho���� my childhood,yor,positive,0.6217743754386902,0,0_ni_ti_tí_ní,West Africa,Nigeria,Yoruba,2026-02-06,192
ojúmọ́ ire o ayọ̀ àti ìfọ̀kànbalẹ̀ ni fún gbogbo wa lọ́jọ́ òníojúmọ́ re ni o,yor,positive,0.963735044002533,1,1_ni_ti_ní_tí,West Africa,Nigeria,Yoruba,2026-05-02,188
ṣé o gbọrí pé àwọn ẹrú tí a kó padà wálé láti tí à ń pè ní ló dé ságbègbè èkó tí a mọ̀ sí,yor,neutral,0.5787705779075623,1,1_ni_ti_ní_tí,West Africa,Nigeria,Yoruba,2026-06-08,295
nje e ti gbo pe apa kokanla yeepa ti di bale gude lori,yor,negative,0.8551638126373291,1,1_ni_ti_ní_tí,West Africa,Nigeria,Yoruba,2026-07-05,74
ìtàn àdáyébá láti ẹnu àwọn àgbààgbà ní ìjẹ̀bú fi yé wa pé wàdáì sudan ni baba ńlá àwọn ti wá wọ́n fi yé wa nípé òòṣà agẹmọ ti ń bẹ kí ọbańta ó tó jẹ,yor,negative,0.4189361035823822,0,0_ni_ti_tí_ní,West Africa,Nigeria,Yoruba,2026-01-31,184
ògìrì ìsebẹ̀ fún àwọn yorùbá tí wọ́n fi ẹ̀gúsí ṣe ìṣẹ̀dá rẹ̀ ti ọwọ́ àwọn ìjẹ̀bú wá wọ́n ma ń lòó fún oúnjẹ ìbílẹ̀,yor,neutral,0.5191020369529724,1,1_ni_ti_ní_tí,West Africa,Nigeria,Yoruba,2026-05-23,169
ẹkùn jọ àmọ̀tẹ́kùn eranko wo ló jọ ọ̀kẹ́rẹ́,yor,neutral,0.7579948902130127,1,1_ni_ti_ní_tí,West Africa,Nigeria,Yoruba,2026-01-16,391
lọ́jọ́ kan oníṣẹ́ èèbó mú iṣẹ́ wá fọ́ba pé aàrẹ asojú ijọba britain fún agbègbè odò epo fẹ́ wá bẹ overami wò,yor,negative,0.4374390244483948,1,1_ni_ti_ní_tí,West Africa,Nigeria,Yoruba,2026-03-25,41
n ó ṣe wá gbàgbé ọjọ́ ìbí ọ̀rẹ́ẹ̀ mi ikú gbàgbé ẹ abilékọ mihke adéoyè ògúntóósìn wa a gbó bí orógbó ti í gbó,yor,negative,0.6123043298721313,0,0_ni_ti_tí_ní,West Africa,Nigeria,Yoruba,2026-06-24,226
ìran aláǹgbá ò tó tọ̀nì jíjọ lọ́ jọra wọn,yor,neutral,0.5467771887779236,2,2_tó_lọ_run_ojú,West Africa,Nigeria,Yoruba,2026-05-13,117
òwe proverb san là ń rìn ajé ní ń mú ni pẹ kọrọ translation one normally walks straight and upright it is money that makes one cut corners kí èèyàn ṣesọ ohun tó yẹ kó ṣesọ kó yé dẹ́gbẹ̀ kiri one should go straight to the point and stop cutting corners,yor,negative,0.4500318467617035,0,0_ni_ti_tí_ní,West Africa,Nigeria,Yoruba,2026-05-16,90
ẹ ti gbìyànjú ẹ tún bọ̀ ṣe díẹ̀ si kí ẹ fi parí rẹ̀,yor,neutral,0.537326991558075,1,1_ni_ti_ní_tí,West Africa,Nigeria,Yoruba,2026-05-23,315
beeni ko ni baje fun enikeni wa lailai bi a ti n lu ni yoo maa dun edumare ko ni je ki o ya mowa lowo,yor,negative,0.9051370024681091,1,1_ni_ti_ní_tí,West Africa,Nigeria,Yoruba,2026-05-04,380
ile eko unilorin le awon akeko marun tefetefe fun orisirisi ese,yor,positive,0.7303221225738525,0,0_ni_ti_tí_ní,West Africa,Nigeria,Yoruba,2026-07-20,490
orukò mi ni òlatunji òmò adeyèmì òmò bibi isalè eko isè mi ni sise eeto òrò aje ilu ati onisowo ti gèèsi npe ni economist,yor,positive,0.7089378237724304,-1,misc / outlier,West Africa,Nigeria,Yoruba,2026-07-18,24
ó jẹ́ àṣà nílẹ̀ẹ yorùbá kí ìyàwó ó bọ̀wọ̀ fún àwọn ẹbí ọkọ pàápàá ọmọ ilé tí ó di èèwọ̀ fún un láti la orúkọ mọ́ wọn lórí orúkọ bíi dánkúlúbọ́ ìdí ìlẹ̀kẹ̀ fún wa lápẹẹrẹ irú orúkọ bẹ́ẹ̀,yor,neutral,0.44047561287879944,1,1_ni_ti_ní_tí,West Africa,Nigeria,Yoruba,2026-01-28,151
àkérékeàkééke ni ìyàwó náà tí a gbé tí ó ní kí a máà fọwọ́ kan ìdí òun oró òjógan máa ń ta ni pa h,yor,neutral,0.5788246393203735,0,0_ni_ti_tí_ní,West Africa,Nigeria,Yoruba,2026-08-15,419
ẹrú àti òpè àti ọlọ́gbọ́n ọ̀gá àti ọmọṣẹ́,yor,neutral,0.7127770185470581,1,1_ni_ti_ní_tí,West Africa,Nigeria,Yoruba,2026-05-24,264
àṣèyí ṣàmọ́dún o màmá aremu thank you for giving us our dear àrẹ́mú we love you ma,yor,positive,0.9648539423942566,0,0_ni_ti_tí_ní,West Africa,Nigeria,Yoruba,2026-01-15,129
ọ̀gá ẹ ẹ̀ wa fi ọmọ wá sílẹ̀ o jàre ilé baba kìí ba ọmọ lẹ́rù,yor,neutral,0.4831998944282532,1,1_ni_ti_ní_tí,West Africa,Nigeria,Yoruba,2026-03-05,158
ǹjẹ́ ìwọ́ mọ̀ pé ni àwọn ẹ̀gbá sá dé ibi àpáta kan tí wọ́n ba sí abẹ́ẹ rẹ̀ torí ọmọ ogun ọ̀yọ́,yor,neutral,0.5942889451980591,-1,misc / outlier,West Africa,Nigeria,Yoruba,2026-02-18,327
má sú ìfé ńnú òòrùn èyí ń fa ìgbóná tàbí má súùfé lálẹ́ bí kò bá nídí bí kò bá ṣẹlẹ̀ rí kí wá ló mú wọn sọ bẹ́ẹ̀,yor,neutral,0.4218811094760895,0,0_ni_ti_tí_ní,West Africa,Nigeria,Yoruba,2026-03-12,494
a kò kí n dárúkọ ọ̀rọ̀ báyìí ní yorùbá nítorípé àṣà wa kàá kún ìsọkúsọ àfiwé ni wọ́n má nfi sọ ọ́,yor,neutral,0.6637957096099854,-1,misc / outlier,West Africa,Nigeria,Yoruba,2026-01-11,445
ku ► sift ku èlùbọ́ iṣu yẹn fún mi sift that yam flour for me,yor,positive,0.7051714658737183,0,0_ni_ti_tí_ní,West Africa,Nigeria,Yoruba,2026-07-17,299
ata jere oja fun gbogbo awa onisowo leni ooo,yor,positive,0.9371113777160645,1,1_ni_ti_ní_tí,West Africa,Nigeria,Yoruba,2026-01-26,475
ewé yìí ni baba wa fi ń fi ra iwájú orí bí orí bá ń fọ́ wọn wọn a gbo ó wọn a sì fi aṣọ dì í mọ́rí,yor,negative,0.6224973201751709,0,0_ni_ti_tí_ní,West Africa,Nigeria,Yoruba,2026-05-10,339
bí èyàn bá dúró sínú oòrùn títí bó pẹ́ bó yá ibòji á báa níbẹ̀ if one tarries long in the sun sooner or later when the sun sets the shade will come be persistent tough times wont last forever if we wont quit we will win eventually,yor,negative,0.6729982495307922,1,1_ni_ti_ní_tí,West Africa,Nigeria,Yoruba,2026-04-26,458
oju adan onribi oju awodi onri oran loni ojo aje ire loju wa yio ri gbogbo omo kutuojire eku ojomo oo°˚˚˚°,yor,positive,0.8841463327407837,0,0_ni_ti_tí_ní,West Africa,Nigeria,Yoruba,2026-05-24,160
kí a máà máa fi ọwọ́ mẹ́wẹ̀ẹ̀wá jẹun torí òní kọ́ torí ọ̀la ni òní larí a ò mọ bí ọ̀la yóò ti rí kí a pọnmílẹ̀ dòǹgbẹ̀,yor,neutral,0.4798670709133148,-1,misc / outlier,West Africa,Nigeria,Yoruba,2026-01-08,375
oba oke yio da won lejo fun eje alaise ti won pa ika won ti poju,yor,negative,0.8929610252380371,0,0_ni_ti_tí_ní,West Africa,Nigeria,Yoruba,2026-07-14,0
jíjí tí mo jí mo ké pe ọlọ́run ọba ìṣọ́ rẹ̀ tó yanjú ni mo tọrọ àbò rẹ̀ tó nípọn ni mo bèrè,yor,positive,0.8263942003250122,2,2_tó_lọ_run_ojú,West Africa,Nigeria,Yoruba,2026-08-17,382
mo dupe fun oluwa lori ebi ati ara mi,yor,positive,0.9014315009117126,1,1_ni_ti_ní_tí,West Africa,Nigeria,Yoruba,2026-08-22,17
wọ́n ní ọwọ́ ara wa ni a fi fa ìfàkufà a ti tú ṣẹ́ ọlọ́run wò a ti da ètò tí a dá iléayé lórí lé rú nítorí àmọ̀jù,yor,negative,0.6478263139724731,1,1_ni_ti_ní_tí,West Africa,Nigeria,Yoruba,2026-01-17,113
kí a ya jẹ́ kí erí orí wa ó fa epo mu ní kí a ye é forí fọ́ àgbọn fún olóòṣèlú kí a ye é ṣe ẹrúukú mọ́,yor,positive,0.8865922689437866,0,0_ni_ti_tí_ní,West Africa,Nigeria,Yoruba,2026-04-24,76
kò séwu lóko àfi gìrì àparò bí ó bá tásìkò ẹ má ṣe ṣaláyì fi tó mi létí ká jọ́ ṣe é torí ohun a bá jọ́ ṣe ní í gún régé,yor,positive,0.3825683295726776,0,0_ni_ti_tí_ní,West Africa,Nigeria,Yoruba,2026-03-25,148
what is the name of the ancient yorùbá town that they say has no door nor keys clue it is in their eulogy kíni orúkọ ìlú yorùbá àtijọ́ tí wọ́n ní kò ní ilẹ̀kùn kò sì ní kọ́kọ́rọ́ ìtọ́nisọ́nà ó wà nínú oríkì wọn,yor,neutral,0.3776376247406006,0,0_ni_ti_tí_ní,West Africa,Nigeria,Yoruba,2026-06-06,315
ọpọlọ wa ti yòòrò bíi ọsẹ lómi,yor,neutral,0.4978514611721039,1,1_ni_ti_ní_tí,West Africa,Nigeria,Yoruba,2026-05-10,320
ìyá kan fi ẹ̀mí ẹ ṣòfò nígbà tí dọ́kítà sọ pé àgbo ló lè wòó sàn ó ní ní pé òun kò gbọdọ̀ lo oògùn alágbo ̀báronu,yor,negative,0.428994745016098,1,1_ni_ti_ní_tí,West Africa,Nigeria,Yoruba,2026-06-05,221
ó dùn mí wípé àṣà ilẹ̀òkèèrè tí a ti gba asínwín rẹ̀ ni ọ̀kan ajogun tí ń fìtìnátì,yor,neutral,0.49069392681121826,0,0_ni_ti_tí_ní,West Africa,Nigeria,Yoruba,2026-05-12,213
ta lẹ̀ yin jà fún ikọ̀ agbábọ́ọ̀lù wo ni yín,yor,negative,0.6420589089393616,-1,misc / outlier,West Africa,Nigeria,Yoruba,2026-02-21,262
gbogbo wọn ni ọba ó ní orúkọ pàtó tí à ń pe kábíèsí èkó ọba kọ́,yor,neutral,0.6284239888191223,1,1_ni_ti_ní_tí,West Africa,Nigeria,Yoruba,2026-06-27,186
níbo wá ni àwọn tó lo ayé lánàá lọ lẹ́hìn tí ikú lù wọ́n ní kùmọ̀ ṣe pé ọ̀run kọ́ lọ́ lọ ọ̀run àpáàdì ni,yor,neutral,0.5375528335571289,2,2_tó_lọ_run_ojú,West Africa,Nigeria,Yoruba,2026-03-12,458
sugbọn dijú kí o se bi ẹni kú na ki o ri oun ti awọn eniyan yio sọ nipa rẹ,yor,negative,0.6539399027824402,1,1_ni_ti_ní_tí,West Africa,Nigeria,Yoruba,2026-04-26,24
omo yoruba melo lo wa ninu ijoba ni ile igbo o fe da idakuda sile ni yen o,yor,negative,0.6850950717926025,0,0_ni_ti_tí_ní,West Africa,Nigeria,Yoruba,2026-05-11,67
èmi n gbàdúrà pé iṣẹ́ tí mo n ṣe àti iran mi nípa iṣẹ́ mi lọjọ́ iwájú gbooro sí mo n gbàdúrà fáwọn tẹb,yor,positive,0.8976640105247498,0,0_ni_ti_tí_ní,West Africa,Nigeria,Yoruba,2026-05-17,250
kò síbi tí kòkòròo jẹjẹrẹ kìí bá fàá ojú irun òbò ìfun ẹ̀dọ̀ kídìrin ọpọlọ ẹpọ̀n àti ẹ̀ya mìíràn lára,yor,neutral,0.433132141828537,1,1_ni_ti_ní_tí,West Africa,Nigeria,Yoruba,2026-07-26,116
ọmọ alárẹ̀n ó dì gbà o,yor,positive,0.7297275066375732,1,1_ni_ti_ní_tí,West Africa,Nigeria,Yoruba,2026-05-03,313
♫ mí fẹ̀ẹ́ kí n jẹun tí kí n jápo sayà o ẹ se ure oo ooo ooo ẹ se ure,yor,positive,0.8218089938163757,0,0_ni_ti_tí_ní,West Africa,Nigeria,Yoruba,2026-05-10,334
omo dara ti egan koh toni fe shemi le she,yor,negative,0.8666456937789917,1,1_ni_ti_ní_tí,West Africa,Nigeria,Yoruba,2026-03-05,23
awon miran maa n so wipe pelu obo ja oko,yor,positive,0.7045620679855347,0,0_ni_ti_tí_ní,West Africa,Nigeria,Yoruba,2026-06-28,11
ẹ jọ̀wọ́ kí ni pọ̀mọ́ ṣe o,yor,positive,0.8557539582252502,1,1_ni_ti_ní_tí,West Africa,Nigeria,Yoruba,2026-05-14,27
jàǹkànjàǹkàn àrùn tí wọ́n gbàlú kan kì í sábàa ran ará oko àjẹsára ń bẹ ìjẹkújẹ dínkù lọ́dọ̀ọ wọn nìlera fi jọba,yor,negative,0.4215971529483795,-1,misc / outlier,West Africa,Nigeria,Yoruba,2026-08-13,1
orí ìyá mi àríkẹ́ abiamọ tòótọ́ jí mi ire o ó dáàárọ̀ o ẹ̀yin ará,yor,positive,0.9616807103157043,0,0_ni_ti_tí_ní,West Africa,Nigeria,Yoruba,2026-08-13,290
ti a ba wo ohun ti awon wooli aye ode oni so fifi ede fo daa le pe ogede naa benitori wipe kiko ni,yor,negative,0.8417463898658752,0,0_ni_ti_tí_ní,West Africa,Nigeria,Yoruba,2026-08-26,181
ìwà wa dúdú bí ẹranko igbó ọ̀bọ ni adú a ò yàtọ̀ sí ẹranko ìgbẹ́,yor,neutral,0.790081262588501,1,1_ni_ti_ní_tí,West Africa,Nigeria,Yoruba,2026-03-08,155
bíkòṣe ti àṣà tí wọ́n gbà ìyẹn ni aburú ibẹ̀,yor,neutral,0.6089504361152649,1,1_ni_ti_ní_tí,West Africa,Nigeria,Yoruba,2026-08-25,54
akanlo ede yii tumo si wipe ki eniyan maa pelu elomiran lati hu iwa omugo kan,yor,negative,0.8276073336601257,0,0_ni_ti_tí_ní,West Africa,Nigeria,Yoruba,2026-05-24,267
ó dárúkọ bọ́lá ìgè àti ọ̀jọ̀gbọ́n wọlé ṣóyínká àwọn wọ̀nyí gbà pé lílo èdè fi kọ́ ọmọ lẹ́kọ̀ọ́ ló dáa jù,yor,neutral,0.471426784992218,1,1_ni_ti_ní_tí,West Africa,Nigeria,Yoruba,2026-08-17,182
kí ni àwọn ọmọ wa ń ṣe lórí ayélujára,yor,neutral,0.7609479427337646,-1,misc / outlier,West Africa,Nigeria,Yoruba,2026-02-21,273
aku ayeye oni mo ko orinamu oye yi je iwona iwo kaka iwo na oye amo ori rt,yor,positive,0.6441479921340942,0,0_ni_ti_tí_ní,West Africa,Nigeria,Yoruba,2026-08-04,114
ẹ̀ẹ̀mẹ́ta là á pajé ajé ajé ajé gbére tèmi kò mí ajé olókùn yóò bá wa rẹ́ láṣẹ,yor,positive,0.7828280925750732,1,1_ni_ti_ní_tí,West Africa,Nigeria,Yoruba,2026-04-25,211
kasa ma fi oriti ka si tu ni itelorunbó pẹ́ o bóyá a óò rérè jẹ n ò rántí àkọ́lé rẹ̀ ṣé o ti bi ifá,yor,positive,0.7493390440940857,0,0_ni_ti_tí_ní,West Africa,Nigeria,Yoruba,2026-02-05,298
beeni o bi a se n baa lo yii afaimo ki awon atohunrinwa ma gbalu mo wa lowo,yor,negative,0.864994466304779,0,0_ni_ti_tí_ní,West Africa,Nigeria,Yoruba,2026-04-17,154
e fi won si le oro yi alenyin nkan ti bàjẹ́ pátá pátá pátá ní àbí báwo ni wọ́n ṣe tún jẹ́ kí,yor,negative,0.5387306213378906,0,0_ni_ti_tí_ní,West Africa,Nigeria,Yoruba,2026-02-01,301
mbami e pòe seun púpò ire o,yor,positive,0.9548794031143188,0,0_ni_ti_tí_ní,West Africa,Nigeria,Yoruba,2026-04-11,68
kò sí bí ọmọ́ ṣe lè tètè jí tó oko ló máa bá kùkùté,yor,positive,0.8814955949783325,0,0_ni_ti_tí_ní,West Africa,Nigeria,Yoruba,2026-04-24,104
àwọn olówó tipá tipá ẹ jọ̀wọ́ ẹ má pa wá tán o ayédèrú ọjà ti kún gboro èyí ayédèrú ìyẹn ayédèrú haàà,yor,positive,0.6476313471794128,1,1_ni_ti_ní_tí,West Africa,Nigeria,Yoruba,2026-03-22,187
beeni o tweet yoruba nlo lonii,yor,negative,0.7441036701202393,-1,misc / outlier,West Africa,Nigeria,Yoruba,2026-01-19,319
ìgbà òjò tí à ń palẹ̀ oko mọ́ nìkan kọ́ ni à ń ṣe eré bí obìrin onípò bá yúnsẹ̀ òrìṣà ní àsìkò ọ̀gbẹlẹ̀ tí ọ̀dá òjó bá wà,yor,neutral,0.6201258897781372,0,0_ni_ti_tí_ní,West Africa,Nigeria,Yoruba,2026-06-21,424
aláwọ̀fin ló di aláàfin ló di àádùn,yor,positive,0.7683433890342712,1,1_ni_ti_ní_tí,West Africa,Nigeria,Yoruba,2026-03-03,243
wọ́n ní ká gbé bọ́ọ̀lù sílẹ̀ kí a gbá bọ́ọ̀lù ilẹ̀ àbí kí lẹ sọ,yor,neutral,0.678557276725769,1,1_ni_ti_ní_tí,West Africa,Nigeria,Yoruba,2026-04-20,81
oṣù yìí náà ni í títí ọ̀ṣẹ̀ kéjì lágbára ọba alèwílèṣe ire o,yor,positive,0.883608341217041,0,0_ni_ti_tí_ní,West Africa,Nigeria,Yoruba,2026-01-19,68
òwe wa tòní odò tí a bá fi ojú rénà a máa gbéni lọ our proverb for today the river that you take for granted can actual,yor,negative,0.5696431994438171,2,2_tó_lọ_run_ojú,West Africa,Nigeria,Yoruba,2026-02-24,7
orí wò ibi rere gbé mi dé ẹsẹ̀ wo ibi ire sìn mí yà nítorí orí ni ẹjá fi ń la ibú jà nítorí orí ni àkèré fi ń wẹ̀ ni odò oríì mi àpésìn,yor,negative,0.5976157784461975,0,0_ni_ti_tí_ní,West Africa,Nigeria,Yoruba,2026-06-21,479
ìrẹ̀sà wà ní ọ̀kẹ́ ẹgbẹ̀rún sí ìlàoòrùn ọ̀gbómọ̀ṣọ́ orísun ìmọ̀ yìí adegbite folaranmi adewuyi onipede kayode joseph igbon iresa ikoyi a prehistoric relationship till present time in historical research letter vol,yor,negative,0.4362471103668213,-1,misc / outlier,West Africa,Nigeria,Yoruba,2026-03-19,410
its falling nature from the sky ẹ̀gbọ̀n in this context is something that falls nǹkan tó ń gbọ̀n sílẹ̀ láti ọ̀run,yor,negative,0.5846933126449585,-1,misc / outlier,West Africa,Nigeria,Yoruba,2026-07-20,124
gej gba gbere fun boko haramu ni nijeria amo ro ojo bombu si egbe adaniloro isis ni ilu iraki ati siria,yor,negative,0.8969202637672424,-1,misc / outlier,West Africa,Nigeria,Yoruba,2026-02-01,362
ìbàjẹ́ ọjọ́ kan kì í tán lógún ọdún an indiscretion of one day does not get forgotten in twenty years acting in,yor,positive,0.7130637764930725,1,1_ni_ti_ní_tí,West Africa,Nigeria,Yoruba,2026-08-18,76
oru yi poopelope ina manamana ton tan diyeoluwa nikan lo le gbawa nile yi,yor,negative,0.9228310585021973,0,0_ni_ti_tí_ní,West Africa,Nigeria,Yoruba,2026-07-18,230
adupe o awon amujuto ni wipe ka dupe ile ise yin ko ni jono o eyin na e ma fi peturolu sere legbe ile ise,yor,negative,0.7923259139060974,-1,misc / outlier,West Africa,Nigeria,Yoruba,2026-02-09,49
èhù bí a bá gbin èso tàbí fọ́n irúgbìn bí ó bá rí omi fà mu dáradára yóò hù àkọ́kọ́ hù ewé ohun ọ̀gbìn náà ni à ń pè ní èhù ìyẹn sprout shout ní èdè gẹ̀ẹ́sì o mọ àkọ́kọ́ yọ èso ẹ̀wà èhù nìyẹn,yor,neutral,0.3699375092983246,0,0_ni_ti_tí_ní,West Africa,Nigeria,Yoruba,2026-08-29,32
èdè àyálò ni màámi mamamomma tí a fi mi kún ló di màámi bákan náà ìdọ̀tí ni dirty ti wa mílíìkì sì ni milk,yor,neutral,0.5876674652099609,0,0_ni_ti_tí_ní,West Africa,Nigeria,Yoruba,2026-07-03,326
ní báyìí ọ̀rọ̀ mìíràn ni wọ́n wá bá wa sọ ọ̀rọ̀ ẹ̀sìn sì ni,yor,neutral,0.7342501282691956,1,1_ni_ti_ní_tí,West Africa,Nigeria,Yoruba,2026-06-14,74
iya omo kilo fun omo re oun fi iku sere igi ibepe ti o le se lo ngun kwam omo instrumental i tried someone correct me ‍️,yor,negative,0.8143444657325745,0,0_ni_ti_tí_ní,West Africa,Nigeria,Yoruba,2026-06-19,446
olódùmarè tó ṣẹ̀dá náà ló ṣẹ̀dá gbogbowa tó sì tún jí wa lọ́jọ́ òní,yor,positive,0.6930427551269531,2,2_tó_lọ_run_ojú,West Africa,Nigeria,Yoruba,2026-04-04,340
kùtùkùtù kìí jóni lẹ́ṣẹ̀ bí ọ̀sán òwúrọ̀ la wà yí kí olúkálukú yáa tètè múra síṣẹ́ o,yor,positive,0.8959261178970337,-1,misc / outlier,West Africa,Nigeria,Yoruba,2026-02-06,400
oṣù ògún jẹ́ oṣù tí wọ́n sọ nínú kọjọ́dá yorùbá ní ṣíṣe ayẹyẹ ọdún ògún bíbọ àwọn tí wọ́n ma ń ṣe ayẹyẹ ògún bíbọ jùlọ ni àwọn ará òndó àti èkìtì,yor,neutral,0.4231109023094177,0,0_ni_ti_tí_ní,West Africa,Nigeria,Yoruba,2026-03-06,138
in yoruba mobile phone is ẹ̀rọ ìbánisọ̀rọ̀ alágbèéká,yor,neutral,0.7243056893348694,-1,misc / outlier,West Africa,Nigeria,Yoruba,2026-08-15,205
e ma kaaro o sisi mi olowo abere se alafia ni e kaaro gbogbo eniyan,yor,positive,0.7623441219329834,1,1_ni_ti_ní_tí,West Africa,Nigeria,Yoruba,2026-02-05,415
àlááfíà wa ò ní di fíafìa ẹní bá gbọ́n ì bá ṣàmí è mí ṣe áámí,yor,positive,0.5307683348655701,0,0_ni_ti_tí_ní,West Africa,Nigeria,Yoruba,2026-04-30,135
wọ́n á ní ọjọ́ a bá kú là á di ère ǹjẹ́ ó ní ìdí tí àwọn àgbà fi pa òwe bẹ́ẹ̀ ndan ọ̀rọ̀ ń bọ̀ lórí ẹ̀ láìpẹ́,yor,neutral,0.5319849848747253,0,0_ni_ti_tí_ní,West Africa,Nigeria,Yoruba,2026-02-26,495
dada ni mo ji oadupe lo wo olorun agbaye eyan mi pataki ekaro ma shey dada le ji,yor,positive,0.6042352914810181,0,0_ni_ti_tí_ní,West Africa,Nigeria,Yoruba,2026-07-11,5
egbe ilu ikare akoko yewo awa ni omo oloke meji ta ko ta bo oke owa ale oke baba wa yoruba re wa https,yor,negative,0.7307634949684143,0,0_ni_ti_tí_ní,West Africa,Nigeria,Yoruba,2026-01-25,28
ìpamọ́ ni òtítọ́ wà ẹ jẹ́ kí a wá a irọ́ pọ̀ jù láti ìgbà èwe ni òbí tí fi irọ́ bọ́ wa já ara à rẹ,yor,positive,0.6559147834777832,1,1_ni_ti_ní_tí,West Africa,Nigeria,Yoruba,2026-04-12,330
a kì í rìnnà ká pàdé ìtalẹ̀ ọ̀wọ̀ kókó la fi í wàfín lọ́wọ̀lọ́wọ̀ ni tẹran abẹ̀jẹ̀ ọ̀wọ̀ ẹ jẹ́ kí ọlọ́wọ̀ ó lọ ọ̀wọ̀,yor,neutral,0.4201452434062958,-1,misc / outlier,West Africa,Nigeria,Yoruba,2026-08-15,420
ogbeni farabale translation mr man calm down,yor,negative,0.7045873999595642,0,0_ni_ti_tí_ní,West Africa,Nigeria,Yoruba,2026-05-05,287
mo ni inudidun pe ede iya mi jẹ yorùbá nitoripe o ni ohunini pataki pupọ,yor,positive,0.8648073673248291,1,1_ni_ti_ní_tí,West Africa,Nigeria,Yoruba,2026-02-11,457
rara ooo omo ijesha osere onile obi ni mii sugbon mo feran awon omo ikorodu oga omo eluku mede mede,yor,positive,0.835704505443573,0,0_ni_ti_tí_ní,West Africa,Nigeria,Yoruba,2026-06-20,179
òtítọ́ korò kí a yé é pa òtítọ́ rẹ́ truth is bitter the truth should not be silenced,yor,positive,0.548957347869873,1,1_ni_ti_ní_tí,West Africa,Nigeria,Yoruba,2026-08-02,304
ayùn ► a saw ayùn rẹ́ igi the saw sliced the tree àyun ► departure àyun mo rí a ò rábọ̀ saw departure not the return,yor,negative,0.4224838614463806,0,0_ni_ti_tí_ní,West Africa,Nigeria,Yoruba,2026-02-27,330
omo to ba se dada ma ri dada omo ba gboron si awon obi e lenu so je ere ti owun ni lori to omo re ki o ba le fun e ni isinmi,yor,negative,0.7930940389633179,0,0_ni_ti_tí_ní,West Africa,Nigeria,Yoruba,2026-02-11,296
nijeria ti ja iwe fun oludari egbe agbaolu super eagles ogbeni stephen keshi wan ni eyi ti ose ti to ge ki owa ma ko eru re lo ilu america,yor,negative,0.9231715798377991,0,0_ni_ti_tí_ní,West Africa,Nigeria,Yoruba,2026-06-30,227
oro na koja oju lasan jare omo eleran ti nje egigun o toju su tile tokort ilú tí ọmọ ológì ò mọ ẹ̀kọ pọ́n,yor,negative,0.66999351978302,1,1_ni_ti_ní_tí,West Africa,Nigeria,Yoruba,2026-04-21,308
eerin wo ajanaku sun bi oke opalaba albert chinua achebe ise ribiribi ti o gbese ko nii pare lailai sun re o,yor,negative,0.8337470889091492,1,1_ni_ti_ní_tí,West Africa,Nigeria,Yoruba,2026-05-12,479
gangan òrùn ló lọ̀sán gànjọ́ òṣùpá ló lòru àtòrùn àtòṣùpá méjéèjì ló hàn gedegbe lókè báyìíbáyìí ẹ wo agbára ọlọ́run,yor,neutral,0.3889719843864441,1,1_ni_ti_ní_tí,West Africa,Nigeria,Yoruba,2026-04-14,265
eba wa gbe agbejero agba nijeria femi falana laruge femi ti pe ọgọta odun femi a pe laiye fun ile oodua barisita femi je baba fun akorin igbalode folarin ti inogije re je abi femi si ilu ilawe ekiti ni ogun ojo osu karun odun,yor,negative,0.7265464067459106,0,0_ni_ti_tí_ní,West Africa,Nigeria,Yoruba,2026-03-28,375
odò kì í ṣàn gun òkè igi kígi kì í gbójú kọjá ìrókòolúwéré àjà kì í gbé omi ìjì kì í jà kí ó mi ọ̀run tìtì,yor,neutral,0.48966294527053833,-1,misc / outlier,West Africa,Nigeria,Yoruba,2026-04-18,252
bí mo ṣe máa nsọ̀rọ̀ ní ojojúmọ́ nìyẹn àfi ní ibiṣẹ́ gẹ̀ẹ́sì nìkan ni gbogbo wa gbọ́ níbẹ̀,yor,positive,0.8045962452888489,-1,misc / outlier,West Africa,Nigeria,Yoruba,2026-02-20,127
tí a kò bá tẹ̀ igi ní tútù kò ní ṣe é tẹ̀ ní gbígbẹ lọ́rọ́ kan má fi àkókò ṣèranù ọ̀la lè pẹ́ jù fún o,yor,positive,0.46309033036231995,1,1_ni_ti_ní_tí,West Africa,Nigeria,Yoruba,2026-04-02,84
ogun aláwọ̀ funfun pẹ̀lú ìjẹ̀bú ní ọdún àwọn ìjẹ̀bú àti britain kọjú ogun sí ara wọn ní ìgbà tí àwùjalẹ̀ ìjẹ̀bú ti ọjà ejìrìn èyí tí í ṣe ọ̀nà ọ̀rọ̀ ajé èkó sí òkè ọya ìjẹ̀bú kó ọmọ ogun ẹgbẹ̀rún mẹ́jọ jọ pẹ̀lú,yor,neutral,0.4225240647792816,-1,misc / outlier,West Africa,Nigeria,Yoruba,2026-03-23,462
a dupe lowo eledumare to ji wa si imole ojo onia ko ni pade agbako bi a se n wa ounje oojo wa lo loni,yor,negative,0.8453485369682312,0,0_ni_ti_tí_ní,West Africa,Nigeria,Yoruba,2026-01-24,0
òní ló bo ọ̀la lójú ọ̀la sì ni ẹ̀gbọ́n elédùmarè jẹ́ kí ọ̀laà mi ó sunwọ̀n ju àná àti òní lọ àwíṣẹ́ àfọ̀gbohùn,yor,neutral,0.425669401884079,1,1_ni_ti_ní_tí,West Africa,Nigeria,Yoruba,2026-07-04,22
tí wọ́n bá ní wípé jàgbajàgba já ó túnmọ̀ sí wípé ǹkan ńlá ṣẹlẹ̀ ní ibì kan ṣùgbọ́n kò sí ẹni tí ó tó láti dúró bíi àpẹẹrẹ oníròyìn jàgbajàgba já nígbà tí kìnnìún wọ inú ọjà ọba olùgbọ́ ehn ehn lóòótọ́ jẹ́ ń gbé ìjókòó mi,yor,negative,0.4662758409976959,0,0_ni_ti_tí_ní,West Africa,Nigeria,Yoruba,2026-04-04,31
ṣé pé ọdún kan ti ya sáré pé nìyẹn ẹ kú ọdún tuntun o àṣèyíṣèmíì ayọ̀ ìlera àlááfíà á jẹ́ ti yín títí láí,yor,positive,0.7162396907806396,0,0_ni_ti_tí_ní,West Africa,Nigeria,Yoruba,2026-01-05,272
e kaaro o gbogbo omo karo oojire kama se gbagbe pe omo to sole ile nu o so apo iya ko ni oo kama se gbagbe asa ile wa,yor,negative,0.8145129084587097,1,1_ni_ti_ní_tí,West Africa,Nigeria,Yoruba,2026-03-28,12
fi yáná fún nígbà tí aláàfin àjàká rí àrokò náà ó pe atúmọ̀ rẹ̀ ọ̀sá kí ó sọ ǹkan tí ó túnmọ̀ sí fún òhun ọ̀sá ní wípé àwọn ará ifẹ̀ kò fẹ́ sangbà mọ̀ọ́ fún ọ̀yọ́ ni àti wípé alágbára ńlá èṣù kan wà lẹ́yìn wọn,yor,negative,0.42089489102363586,0,0_ni_ti_tí_ní,West Africa,Nigeria,Yoruba,2026-05-22,207
ojumo ayo ire ni temi anu ifokanbale lojo gbogbo lori mi ati idile mi ati awon to feranmi asentedumare yorubas,yor,positive,0.9433975219726562,-1,misc / outlier,West Africa,Nigeria,Yoruba,2026-04-28,95
eba takiti ki e forisole jega ati o gbe se ran yin ti e ba se radarada yin tan ni ss ati se lo nibo,yor,negative,0.9000694155693054,1,1_ni_ti_ní_tí,West Africa,Nigeria,Yoruba,2026-04-23,121
mara onwe gi,ibo,negative,0.47867920994758606,1,1_na_ya_gi_ka,West Africa,Nigeria,Igbo,2026-06-30,81
oko ogo daaluya diri gi na nma,ibo,positive,0.42664435505867004,0,0_na_onye_gi_ndi,West Africa,Nigeria,Igbo,2026-01-05,29
mba nche na egwu adiro atu gi,ibo,neutral,0.8946624994277954,1,1_na_ya_gi_ka,West Africa,Nigeria,Igbo,2026-04-09,466
onye si nani ya biri oge ndi igbo,ibo,neutral,0.8773465752601624,0,0_na_onye_gi_ndi,West Africa,Nigeria,Igbo,2026-03-26,398
lol iju o mu nga aju onye,ibo,neutral,0.5913930535316467,0,0_na_onye_gi_ndi,West Africa,Nigeria,Igbo,2026-05-13,53
nke anu aru,ibo,neutral,0.870918869972229,0,0_na_onye_gi_ndi,West Africa,Nigeria,Igbo,2026-06-09,6
nwa happy birthday fam chukwu gozie gi ️,ibo,positive,0.9701895117759705,-1,misc / outlier,West Africa,Nigeria,Igbo,2026-03-17,313
igbò na agbakwa mmadu ara,ibo,neutral,0.6340646147727966,1,1_na_ya_gi_ka,West Africa,Nigeria,Igbo,2026-05-12,282
nnaa eh ihe a odiro egwu,ibo,negative,0.7683306336402893,0,0_na_onye_gi_ndi,West Africa,Nigeria,Igbo,2026-01-17,336
ezigbo nwanyi nnewi,ibo,positive,0.48919299244880676,-1,misc / outlier,West Africa,Nigeria,Igbo,2026-01-29,481
lol amam na ọnụ ga ekwuriri,ibo,neutral,0.8228378295898438,0,0_na_onye_gi_ndi,West Africa,Nigeria,Igbo,2026-08-24,100
akpili ocha like u,ibo,negative,0.5443271398544312,0,0_na_onye_gi_ndi,West Africa,Nigeria,Igbo,2026-07-21,72
kpo kpo di kpo kpo ‍️,ibo,positive,0.5302155017852783,0,0_na_onye_gi_ndi,West Africa,Nigeria,Igbo,2026-02-28,211
beta onye mgbu o,ibo,negative,0.8577944040298462,1,1_na_ya_gi_ka,West Africa,Nigeria,Igbo,2026-08-13,102
nothing ooo ego adirọ obodo dị hard ebe nile kpọchiri akpochi,ibo,negative,0.9309912323951721,-1,misc / outlier,West Africa,Nigeria,Igbo,2026-01-27,265
okwu nwoke ọjọọ na akpụ ndị nigeria isi aliberti kpụrụ onye dị,ibo,neutral,0.8670099377632141,-1,misc / outlier,West Africa,Nigeria,Igbo,2026-01-22,311
teacher afo nsi iji ihe ijighi ihe obula,ibo,neutral,0.8964664936065674,0,0_na_onye_gi_ndi,West Africa,Nigeria,Igbo,2026-03-09,329
ezigbo award ooo o di ka omuru ya na univaseti,ibo,positive,0.8752428293228149,1,1_na_ya_gi_ka,West Africa,Nigeria,Igbo,2026-03-11,259
nna ihe a agbakwa aka o,ibo,neutral,0.6331031322479248,1,1_na_ya_gi_ka,West Africa,Nigeria,Igbo,2026-01-11,331
kwusie ya ike o nwere ndi no nazu anughi ihe i kwuru,ibo,neutral,0.8001587390899658,0,0_na_onye_gi_ndi,West Africa,Nigeria,Igbo,2026-08-20,328
ibu onye awe nebonyi,ibo,negative,0.6263911128044128,0,0_na_onye_gi_ndi,West Africa,Nigeria,Igbo,2026-07-19,212
jehovah jireh nke usuu nile nke ndi agha,ibo,neutral,0.7383193373680115,0,0_na_onye_gi_ndi,West Africa,Nigeria,Igbo,2026-02-16,416
adanne biagodu open your eyes fess come lemme examine ara gi wait kam checki godu ukwu gi onye tubaragi ime,ibo,negative,0.6876946687698364,1,1_na_ya_gi_ka,West Africa,Nigeria,Igbo,2026-03-11,313
ndi mmadu sef,ibo,neutral,0.40835633873939514,-1,misc / outlier,West Africa,Nigeria,Igbo,2026-07-13,89
just imagine ike gwuru m,ibo,negative,0.5082258582115173,0,0_na_onye_gi_ndi,West Africa,Nigeria,Igbo,2026-02-03,260
nsogbu nsogbu eyimba eyi,ibo,negative,0.866539478302002,0,0_na_onye_gi_ndi,West Africa,Nigeria,Igbo,2026-07-29,158
hahahaha ndi akpụ obi,ibo,neutral,0.6770308613777161,0,0_na_onye_gi_ndi,West Africa,Nigeria,Igbo,2026-04-19,32
umu nwa nwelu sense,ibo,neutral,0.8617319464683533,0,0_na_onye_gi_ndi,West Africa,Nigeria,Igbo,2026-08-06,153
ọ ga eme gi vum nanya,ibo,negative,0.8568763732910156,0,0_na_onye_gi_ndi,West Africa,Nigeria,Igbo,2026-08-22,320
hmmmm nne o ka iwe nke gi si ewe gi,ibo,positive,0.573584258556366,0,0_na_onye_gi_ndi,West Africa,Nigeria,Igbo,2026-06-23,24
choi lukaku buru ezigbo ibu see as he covered the whole pic,ibo,negative,0.7059416174888611,0,0_na_onye_gi_ndi,West Africa,Nigeria,Igbo,2026-07-29,455
ndị anaocha ibe m kedụ ka unu mere,ibo,neutral,0.941484272480011,0,0_na_onye_gi_ndi,West Africa,Nigeria,Igbo,2026-03-08,370
please do anam agwa gi eziokwu,ibo,positive,0.468198299407959,1,1_na_ya_gi_ka,West Africa,Nigeria,Igbo,2026-04-14,400
ngwa ka m kwuo ghi ugwo,ibo,neutral,0.9404770731925964,1,1_na_ya_gi_ka,West Africa,Nigeria,Igbo,2026-02-08,244
asim gi mass agbasala una lawa ulo kachifo,ibo,negative,0.7275279760360718,0,0_na_onye_gi_ndi,West Africa,Nigeria,Igbo,2026-05-18,366
aji afo onu dikwa very soft please share your products,ibo,positive,0.9289361238479614,1,1_na_ya_gi_ka,West Africa,Nigeria,Igbo,2026-08-24,275
hian ndi ga akpu egbe o okwa aba,ibo,neutral,0.7880862951278687,0,0_na_onye_gi_ndi,West Africa,Nigeria,Igbo,2026-05-12,3
send what ada nke nno na fone gi ozuru gi eji nwanyi n gba uto naese cigar mere screensaver now echoro nke nwoke na ra otu,ibo,neutral,0.8861067891120911,1,1_na_ya_gi_ka,West Africa,Nigeria,Igbo,2026-05-27,192
ha bụ onye na onye meanwhile ọ dị ka m gaadonye iru nógbè gị one of these days,ibo,neutral,0.7866112589836121,1,1_na_ya_gi_ka,West Africa,Nigeria,Igbo,2026-05-07,432
onye onu si wa beli isi issele uku delta nigeria,ibo,negative,0.6387611031532288,-1,misc / outlier,West Africa,Nigeria,Igbo,2026-06-29,223
eze ndị ara,ibo,neutral,0.6899590492248535,0,0_na_onye_gi_ndi,West Africa,Nigeria,Igbo,2026-03-25,381
david ịdịka echi maka nechi adịghị agwụ agwụ respect man,ibo,negative,0.559790849685669,-1,misc / outlier,West Africa,Nigeria,Igbo,2026-01-23,467
dun election to ndi ara chineke kporo oku inec,ibo,neutral,0.6745280027389526,1,1_na_ya_gi_ka,West Africa,Nigeria,Igbo,2026-03-13,238
gasikwe ike ka ọbụ kwana na mmadụ na akpatu ego gị aka,ibo,neutral,0.886080265045166,1,1_na_ya_gi_ka,West Africa,Nigeria,Igbo,2026-01-15,41
hmmm ngwa gee nụ ntị ghụchaa ntị gị ọmụma nkeaa bụ nkem i nominate nye nụ anyị olu,ibo,positive,0.6287943720817566,0,0_na_onye_gi_ndi,West Africa,Nigeria,Igbo,2026-07-24,379
happy birthday don baba j nke izizi,ibo,positive,0.9644703269004822,-1,misc / outlier,West Africa,Nigeria,Igbo,2026-06-26,335
egwu di okwu,ibo,negative,0.7694587111473083,0,0_na_onye_gi_ndi,West Africa,Nigeria,Igbo,2026-02-16,231
odiegwuanyi aga agbafuziri ndi omekome nulo,ibo,neutral,0.8311256170272827,0,0_na_onye_gi_ndi,West Africa,Nigeria,Igbo,2026-04-19,89
ụmụ nwoke naahụ things,ibo,neutral,0.7471520304679871,0,0_na_onye_gi_ndi,West Africa,Nigeria,Igbo,2026-08-18,115
mkpọnani gbawapukwa gị isi ebe ahụ anụ ọhịa naachọ onye naebutere ndị isi ojii nsogbu e jena chọọ onye gaenyere gị aka efulefu,ibo,neutral,0.5615995526313782,1,1_na_ya_gi_ka,West Africa,Nigeria,Igbo,2026-01-19,53
chaaiiiii ndi afia ndi nkem,ibo,neutral,0.7296177744865417,0,0_na_onye_gi_ndi,West Africa,Nigeria,Igbo,2026-03-10,133
chineke diri m mma ma odi njo ma odi mmana m di ndu bu nnukwu ihechineke m dalu,ibo,positive,0.49499890208244324,0,0_na_onye_gi_ndi,West Africa,Nigeria,Igbo,2026-08-29,118
one week one trouble ihe ọjọọ gbaa afọr,ibo,neutral,0.8014852404594421,0,0_na_onye_gi_ndi,West Africa,Nigeria,Igbo,2026-01-05,329
nwanne hapu ndi mgbu,ibo,neutral,0.9056508541107178,0,0_na_onye_gi_ndi,West Africa,Nigeria,Igbo,2026-06-12,19
ehya gbuo ishi gi thereaafin,ibo,negative,0.8246791958808899,1,1_na_ya_gi_ka,West Africa,Nigeria,Igbo,2026-01-23,63
errrm augustina biko ebee ka ị nọ a na m atụ ụche gị nao,ibo,neutral,0.7211681008338928,-1,misc / outlier,West Africa,Nigeria,Igbo,2026-07-25,171
ekwueme ekwueme ekwueme ekwueme you are the living god o eze no one like you,ibo,positive,0.960211455821991,-1,misc / outlier,West Africa,Nigeria,Igbo,2026-03-08,456
cc lekwa ozor oo ike agwugo m,ibo,neutral,0.48722389340400696,1,1_na_ya_gi_ka,West Africa,Nigeria,Igbo,2026-01-22,383
o gịnị di,ibo,positive,0.8749303221702576,0,0_na_onye_gi_ndi,West Africa,Nigeria,Igbo,2026-06-05,473
uchem di yaferdi butekwa nwanyi anyi ga alu,ibo,neutral,0.8854908347129822,0,0_na_onye_gi_ndi,West Africa,Nigeria,Igbo,2026-08-08,355
i miss love ma chi that feel of a man you love and trust chai odiegwu o chineke bikozie onye kam mejoro oh okwa ordinary s ya diri m otua,ibo,positive,0.9578570127487183,1,1_na_ya_gi_ka,West Africa,Nigeria,Igbo,2026-02-26,482
olodo rabata iberibe dagburu gi,ibo,negative,0.7859968543052673,0,0_na_onye_gi_ndi,West Africa,Nigeria,Igbo,2026-01-18,432
onye ocha oh,ibo,neutral,0.6898788213729858,0,0_na_onye_gi_ndi,West Africa,Nigeria,Igbo,2026-03-09,134
onye nwe ibu dina azu ya bia wetaa ego ibu ya biko n ugbo ala a ejugo,ibo,neutral,0.8950024247169495,1,1_na_ya_gi_ka,West Africa,Nigeria,Igbo,2026-08-09,364
otú a kà ọdị mpa ụtụtụ ọma ná asị kwa kà ụdọ dịrị na ezi ná ùno gị,ibo,neutral,0.798729419708252,0,0_na_onye_gi_ndi,West Africa,Nigeria,Igbo,2026-02-01,26
chai daalu nwoke oma,ibo,positive,0.9677676558494568,-1,misc / outlier,West Africa,Nigeria,Igbo,2026-04-27,136
nwanne m choonulum ego kam gota nri nwa bikonu skye bank chukwu gozie gi brother mi,ibo,positive,0.9388428926467896,1,1_na_ya_gi_ka,West Africa,Nigeria,Igbo,2026-01-03,325
imana eze ndi igbo na eze ndi igbo bu ofu spelling mana obulo ofu nwota,ibo,neutral,0.6887287497520447,0,0_na_onye_gi_ndi,West Africa,Nigeria,Igbo,2026-03-28,283
onye ndi apc gbara gburugburu neche ndu ya nche mgbenine stay woke,ibo,negative,0.5813969373703003,1,1_na_ya_gi_ka,West Africa,Nigeria,Igbo,2026-05-22,347
o bu na o just ofe akwu kedu ihe mere na i si nri maka onwe gi,ibo,neutral,0.9151517152786255,0,0_na_onye_gi_ndi,West Africa,Nigeria,Igbo,2026-04-17,223
i talk am ndi ara,ibo,negative,0.5829430222511292,0,0_na_onye_gi_ndi,West Africa,Nigeria,Igbo,2026-08-26,351
izu ohuru obi uto,ibo,neutral,0.7382081747055054,-1,misc / outlier,West Africa,Nigeria,Igbo,2026-08-23,403
dibia na agwo otule ok owelu ike ya nelu,ibo,neutral,0.895739734172821,0,0_na_onye_gi_ndi,West Africa,Nigeria,Igbo,2026-03-10,469
nna eh nka puru iche eziokwu i stan,ibo,positive,0.48967188596725464,1,1_na_ya_gi_ka,West Africa,Nigeria,Igbo,2026-06-09,267
nne idikwa endowed ooooezigbote onye obioma,ibo,neutral,0.6202633380889893,0,0_na_onye_gi_ndi,West Africa,Nigeria,Igbo,2026-02-03,497
kedu ka anyi ga e si kpocota owe anyi maka oganiru umu nwanne anyi,ibo,neutral,0.9410144090652466,0,0_na_onye_gi_ndi,West Africa,Nigeria,Igbo,2026-01-12,135
ego onye ozo na atọ wa ntị,ibo,neutral,0.7947520613670349,-1,misc / outlier,West Africa,Nigeria,Igbo,2026-05-15,151
gi na onye,ibo,neutral,0.5082967281341553,0,0_na_onye_gi_ndi,West Africa,Nigeria,Igbo,2026-07-01,328
ngwa gerrarahia osiso,ibo,neutral,0.8612558841705322,0,0_na_onye_gi_ndi,West Africa,Nigeria,Igbo,2026-03-03,475
a brother from a different mother chukwu gozie gi oga kossiture ibadan nigeria,ibo,positive,0.9462312459945679,-1,misc / outlier,West Africa,Nigeria,Igbo,2026-08-29,494
okirikiri ka a na gba ukwu ose adighi ari ya elu,ibo,neutral,0.8924737572669983,0,0_na_onye_gi_ndi,West Africa,Nigeria,Igbo,2026-01-29,457
ọ ife o kwesịrị ịbụ nwoke na achozi ego ọ ga eji na ezumike nka,ibo,neutral,0.8299252986907959,-1,misc / outlier,West Africa,Nigeria,Igbo,2026-02-11,111
arinze oga diri gi nma na elu uwā,ibo,negative,0.6722639799118042,0,0_na_onye_gi_ndi,West Africa,Nigeria,Igbo,2026-03-09,43
listen unesco had already written igbo language off by challenge ndị unesco kwuru na gaabụ ịhe akụkọ na afọ kedụ ịhe ị naeme gbasara ya sụba igbo,ibo,neutral,0.8981218338012695,1,1_na_ya_gi_ka,West Africa,Nigeria,Igbo,2026-01-13,450
nsogbu adiro guu bu nwa ngbe nta,ibo,neutral,0.7942607402801514,1,1_na_ya_gi_ka,West Africa,Nigeria,Igbo,2026-02-16,259
ndewo ézè afọ julu,ibo,neutral,0.8539687991142273,0,0_na_onye_gi_ndi,West Africa,Nigeria,Igbo,2026-02-21,7
onye ya na chi ya di na mma ihe isi ike adighi egbu ya language day to u all,ibo,negative,0.5732614994049072,1,1_na_ya_gi_ka,West Africa,Nigeria,Igbo,2026-08-27,86
unu na laachazi ike na twita odikwa egwu o,ibo,neutral,0.8215606808662415,0,0_na_onye_gi_ndi,West Africa,Nigeria,Igbo,2026-03-21,133
biko kedu nke bu nwa obansi,ibo,neutral,0.8949147462844849,0,0_na_onye_gi_ndi,West Africa,Nigeria,Igbo,2026-06-10,463
mgbe ibiara lagos,ibo,neutral,0.6394162774085999,-1,misc / outlier,West Africa,Nigeria,Igbo,2026-03-20,120
biko nwa nne m ebee ka nka sibere nye anyi akara ulo gi ka umunna zuo oke,ibo,neutral,0.8979831337928772,1,1_na_ya_gi_ka,West Africa,Nigeria,Igbo,2026-05-16,430
oge rie nsi,ibo,positive,0.5508348941802979,0,0_na_onye_gi_ndi,West Africa,Nigeria,Igbo,2026-07-14,380
oba sara gi ‍️‍️‍️,ibo,negative,0.5326753854751587,0,0_na_onye_gi_ndi,West Africa,Nigeria,Igbo,2026-02-22,103
kedu obodo gi na ndizuogu,ibo,neutral,0.8311040997505188,0,0_na_onye_gi_ndi,West Africa,Nigeria,Igbo,2026-03-16,483
high chief eze ngwọri nwanne ji kà iji,ibo,positive,0.7445994019508362,1,1_na_ya_gi_ka,West Africa,Nigeria,Igbo,2026-04-25,81
igbo amaka anyi nwere mmadu,ibo,neutral,0.8380391597747803,1,1_na_ya_gi_ka,West Africa,Nigeria,Igbo,2026-05-09,382
bia chike iwu onye ara eziokwu,ibo,neutral,0.6636425852775574,0,0_na_onye_gi_ndi,West Africa,Nigeria,Igbo,2026-06-22,468
kedu onye na amaghi aka o ma kwa na inwere mens,ibo,neutral,0.9055821895599365,1,1_na_ya_gi_ka,West Africa,Nigeria,Igbo,2026-02-15,167
e tinye isi herie gi hooha,ibo,negative,0.49080854654312134,0,0_na_onye_gi_ndi,West Africa,Nigeria,Igbo,2026-03-11,98
nwanne eeh ike gwuru,ibo,negative,0.8471662402153015,0,0_na_onye_gi_ndi,West Africa,Nigeria,Igbo,2026-03-30,450
lmao onye ojoo,ibo,negative,0.6959002017974854,0,0_na_onye_gi_ndi,West Africa,Nigeria,Igbo,2026-07-25,199
inukwa nu moo i naako nwa nkwerre opiaegbe onu nkwerre wu small london nna jukwa aju anyi awughi ndi orlu o,ibo,neutral,0.7372497916221619,1,1_na_ya_gi_ka,West Africa,Nigeria,Igbo,2026-01-05,168
lolbikoodi onye nwe anyi mkpa,ibo,neutral,0.9148929715156555,1,1_na_ya_gi_ka,West Africa,Nigeria,Igbo,2026-03-06,307
gwam nri oma no na be nna m mana enweghim ike iri ya,ibo,positive,0.9492533802986145,0,0_na_onye_gi_ndi,West Africa,Nigeria,Igbo,2026-01-10,122
daalu nwanne osebuluwa ga na emepe uzo gi afia anazu gwoogwoo isee,ibo,neutral,0.7517691254615784,-1,misc / outlier,West Africa,Nigeria,Igbo,2026-01-04,194
odikwa ka o nke kaikai,ibo,neutral,0.924268901348114,0,0_na_onye_gi_ndi,West Africa,Nigeria,Igbo,2026-01-05,464
mad o daalu nnukwu madu ndi imo ji eme onu,ibo,positive,0.9370306730270386,0,0_na_onye_gi_ndi,West Africa,Nigeria,Igbo,2026-07-07,436
oga ron biko kowala anyi akuko so okwu gi a,ibo,neutral,0.8537247180938721,0,0_na_onye_gi_ndi,West Africa,Nigeria,Igbo,2026-05-10,322
ezigbo nnaudo diri gi,ibo,positive,0.7128855586051941,-1,misc / outlier,West Africa,Nigeria,Igbo,2026-05-22,471
nkwa ekwere nwanyi nelu bed,ibo,neutral,0.8648553490638733,1,1_na_ya_gi_ka,West Africa,Nigeria,Igbo,2026-02-18,354
hate speech gbakwa okwu,ibo,negative,0.9092709422111511,0,0_na_onye_gi_ndi,West Africa,Nigeria,Igbo,2026-05-12,340
eziokwu bu ndu,ibo,positive,0.5728323459625244,0,0_na_onye_gi_ndi,West Africa,Nigeria,Igbo,2026-05-02,430
chineke nna bikonu zoputa m naka ndi ojooo,ibo,neutral,0.7039214968681335,0,0_na_onye_gi_ndi,West Africa,Nigeria,Igbo,2026-03-04,274
ngwa bia kanyi gaa taa ji na germany,ibo,neutral,0.9024087190628052,0,0_na_onye_gi_ndi,West Africa,Nigeria,Igbo,2026-08-28,240
gosinüm ebe ana bute kam je bute nkem,ibo,neutral,0.7461415529251099,0,0_na_onye_gi_ndi,West Africa,Nigeria,Igbo,2026-04-25,241
ndi mmadu napu ala eziokwu,ibo,neutral,0.8382591605186462,0,0_na_onye_gi_ndi,West Africa,Nigeria,Igbo,2026-01-28,429
biko soronu nwanyiocha bekee na asu igbo karia ndi igbo,ibo,neutral,0.8326005339622498,0,0_na_onye_gi_ndi,West Africa,Nigeria,Igbo,2026-06-18,271
i biakwa nke na eso okwu,ibo,neutral,0.8897057175636292,0,0_na_onye_gi_ndi,West Africa,Nigeria,Igbo,2026-07-29,357
gịnị kam melu now ngwa bia na dm ka itakwiim ná ntị,ibo,neutral,0.8929986357688904,0,0_na_onye_gi_ndi,West Africa,Nigeria,Igbo,2026-06-16,3
igbo amaka ogwu eji atu ndu nmanu daddy youre very very good nwata ana ebere gi akwa oñu,ibo,neutral,0.5064876675605774,1,1_na_ya_gi_ka,West Africa,Nigeria,Igbo,2026-04-21,439
ndi ofe mmanu a na ewe fa iwe o,ibo,neutral,0.8222392201423645,0,0_na_onye_gi_ndi,West Africa,Nigeria,Igbo,2026-06-18,13
hustle na akpa onye ọzọ,ibo,neutral,0.8667463064193726,0,0_na_onye_gi_ndi,West Africa,Nigeria,Igbo,2026-05-07,223
adikwam surprise na imaghi ihe mere nogbo twita yesterday otutu ndi igbo no na twita sara efe unyi ha nezi ha siri niko etu umu igbo si agba boy gafee niko onwe ha onu nna ehn ejirim nwayo loguo off completely,ibo,neutral,0.7464367747306824,1,1_na_ya_gi_ka,West Africa,Nigeria,Igbo,2026-05-20,489
ekwela ka onye ọ bụla nke naenyeghị gị ego nye gị isi ọwụwa panadol dị narị naịra abụọ ugbu a,ibo,neutral,0.8863130211830139,-1,misc / outlier,West Africa,Nigeria,Igbo,2026-08-02,371
hahahahaha onye ala,ibo,neutral,0.5334070324897766,0,0_na_onye_gi_ndi,West Africa,Nigeria,Igbo,2026-08-16,119
lolo akajiaku neme ngala riine pino pino ndi nnewi nwata bu guava full option and a special specculus my bride price has increased laidis just negodu gods creation choi chukwu eke ka,ibo,positive,0.7369468212127686,1,1_na_ya_gi_ka,West Africa,Nigeria,Igbo,2026-04-11,292
god go give you oo naha jesus onye nwe anyi amen,ibo,positive,0.9610476493835449,-1,misc / outlier,West Africa,Nigeria,Igbo,2026-05-10,452
golibe ekpele nne gi nno nolu,ibo,neutral,0.4996652603149414,0,0_na_onye_gi_ndi,West Africa,Nigeria,Igbo,2026-03-20,157
igboamaka anyí anaghí así ndo,ibo,neutral,0.8457465171813965,1,1_na_ya_gi_ka,West Africa,Nigeria,Igbo,2026-06-26,404
who provoked onye nkuzi,ibo,neutral,0.6003520488739014,1,1_na_ya_gi_ka,West Africa,Nigeria,Igbo,2026-02-25,108
♪ibu chukwu onye dimma ibu chukwu onye di ike ibu alpha na omega mu oo ya ka m ji na si ibu chi m o♪,ibo,positive,0.6660642027854919,1,1_na_ya_gi_ka,West Africa,Nigeria,Igbo,2026-02-28,200
hold your phone oh umuaka umuoji bukwa ezigbo ndi orie especially abidi boys ‍️,ibo,negative,0.8126091957092285,1,1_na_ya_gi_ka,West Africa,Nigeria,Igbo,2026-03-29,318
eze nmuo who vex you nwanyi owere enyero gi otele,ibo,positive,0.6453090906143188,-1,misc / outlier,West Africa,Nigeria,Igbo,2026-02-20,299
akuko uwa m,ibo,neutral,0.8908840417861938,-1,misc / outlier,West Africa,Nigeria,Igbo,2026-08-02,39
mmanye ana enye ndi oma ️,ibo,positive,0.9622395634651184,0,0_na_onye_gi_ndi,West Africa,Nigeria,Igbo,2026-08-14,289
nna biko kowa okwu gị a,ibo,neutral,0.8804755806922913,0,0_na_onye_gi_ndi,West Africa,Nigeria,Igbo,2026-06-30,466
wawu munagi më ya na ukwu oji di along amawbia,ibo,neutral,0.7555340528488159,1,1_na_ya_gi_ka,West Africa,Nigeria,Igbo,2026-07-06,87
hero way cha cha cha igbo kwenu boy comin truu umu ️ lagos state,ibo,negative,0.5947873592376709,-1,misc / outlier,West Africa,Nigeria,Igbo,2026-06-12,74
go and tell ari na ụmụ nwoke dika aja dị na ala,ibo,neutral,0.837253212928772,1,1_na_ya_gi_ka,West Africa,Nigeria,Igbo,2026-02-05,16
ndi ikwu nnem nee kedi,ibo,positive,0.5326564908027649,0,0_na_onye_gi_ndi,West Africa,Nigeria,Igbo,2026-04-14,13
ada idegwu inọ kwa ofụma olee ka ụbọchị dị,ibo,neutral,0.8582332730293274,0,0_na_onye_gi_ndi,West Africa,Nigeria,Igbo,2026-03-30,57
otito diri chineke nelu ka si elu,ibo,neutral,0.5623400807380676,1,1_na_ya_gi_ka,West Africa,Nigeria,Igbo,2026-01-14,54
onye di ka gi x,ibo,neutral,0.7400201559066772,0,0_na_onye_gi_ndi,West Africa,Nigeria,Igbo,2026-08-03,318
nke minutes ike di unu nine,ibo,neutral,0.8933734893798828,0,0_na_onye_gi_ndi,West Africa,Nigeria,Igbo,2026-02-03,475
nmiri ri much ugbu a,ibo,negative,0.6109194755554199,1,1_na_ya_gi_ka,West Africa,Nigeria,Igbo,2026-01-04,82
nsogbu ft cc,ibo,negative,0.7950080633163452,1,1_na_ya_gi_ka,West Africa,Nigeria,Igbo,2026-01-19,176
dede m onye egwu,ibo,neutral,0.6443818211555481,0,0_na_onye_gi_ndi,West Africa,Nigeria,Igbo,2026-06-10,500
inukwa ooh abialum eziowelle yesterday anyi bia rie mango meat na nke ikanda,ibo,neutral,0.810009241104126,-1,misc / outlier,West Africa,Nigeria,Igbo,2026-07-09,72
eziokwu bu ndu i see you my baby,ibo,positive,0.9620699286460876,0,0_na_onye_gi_ndi,West Africa,Nigeria,Igbo,2026-08-14,358
luckily i am serving in enugu and ofe gi anaghi atutọ cha cha,ibo,positive,0.6811374425888062,1,1_na_ya_gi_ka,West Africa,Nigeria,Igbo,2026-03-07,14
amen chukwu gozikwaa gi ezigbo mmadu,ibo,positive,0.9310914874076843,1,1_na_ya_gi_ka,West Africa,Nigeria,Igbo,2026-04-21,15
lenix egwu eji,ibo,negative,0.5191148519515991,0,0_na_onye_gi_ndi,West Africa,Nigeria,Igbo,2026-02-11,21
mba oh odumeje bu onitsha ka o no,ibo,positive,0.8053880929946899,0,0_na_onye_gi_ndi,West Africa,Nigeria,Igbo,2026-01-15,70
ogo buchi onye nnooo obere davido,ibo,neutral,0.856744647026062,-1,misc / outlier,West Africa,Nigeria,Igbo,2026-01-22,354
anwuo m anwuo m ebe aba di etua kedukwanu ka umuahia ga adi,ibo,neutral,0.9052631855010986,1,1_na_ya_gi_ka,West Africa,Nigeria,Igbo,2026-06-20,329
ụbọchị ụka ọma ️ndị be anyị,ibo,neutral,0.6807425618171692,0,0_na_onye_gi_ndi,West Africa,Nigeria,Igbo,2026-08-04,324
onye oshi onye ara,ibo,negative,0.8744856119155884,0,0_na_onye_gi_ndi,West Africa,Nigeria,Igbo,2026-04-08,21
ndi igbo umunna mbiko unu bia lawa ulo man has just week holidayhelp me reduce traffic,ibo,neutral,0.8131789565086365,1,1_na_ya_gi_ka,West Africa,Nigeria,Igbo,2026-08-11,356
gozie kwa gi di okpara,ibo,positive,0.9472313523292542,-1,misc / outlier,West Africa,Nigeria,Igbo,2026-05-10,34
ma obu bia na message ka mu na gi koria obere akiko ifo,ibo,neutral,0.9439564943313599,1,1_na_ya_gi_ka,West Africa,Nigeria,Igbo,2026-06-21,377
itu ilu ma obu itu okwu,ibo,neutral,0.5384787917137146,0,0_na_onye_gi_ndi,West Africa,Nigeria,Igbo,2026-03-14,23
ekwueme onye nwe anyi ezitewo ndi mmoziya ka ha nonyere anyi you are the living god o eze no,ibo,positive,0.9066362380981445,-1,misc / outlier,West Africa,Nigeria,Igbo,2026-06-03,33
tupu mmadụ akọwa nke na adiro na akwụkwọ,ibo,neutral,0.9133001565933228,0,0_na_onye_gi_ndi,West Africa,Nigeria,Igbo,2026-03-04,438
mbanwe ndidi ndi were b na a bia,ibo,neutral,0.9120497703552246,0,0_na_onye_gi_ndi,West Africa,Nigeria,Igbo,2026-06-27,302
negodu ihe nwa a bu nukwu bikonu,ibo,neutral,0.9223539233207703,0,0_na_onye_gi_ndi,West Africa,Nigeria,Igbo,2026-03-17,390
ngwa pass oo,ibo,neutral,0.6578355431556702,1,1_na_ya_gi_ka,West Africa,Nigeria,Igbo,2026-01-12,186
kedụ ihe mere m bad,ibo,neutral,0.9114121198654175,0,0_na_onye_gi_ndi,West Africa,Nigeria,Igbo,2026-04-28,102
odogwu no whine me abeg,ibo,negative,0.6781076788902283,-1,misc / outlier,West Africa,Nigeria,Igbo,2026-02-17,418
chineke kpọọ liberals ọkụ,ibo,neutral,0.575506865978241,0,0_na_onye_gi_ndi,West Africa,Nigeria,Igbo,2026-02-10,488
jisie ike nwoke ibe m,ibo,positive,0.9063749313354492,1,1_na_ya_gi_ka,West Africa,Nigeria,Igbo,2026-03-10,419
igbo amaka️ igbo atoka️ ndi igbo kwezuenu igbo drip we come in peace full blooded for the igboculture ️ igbos ejikem,ibo,negative,0.5837959051132202,-1,misc / outlier,West Africa,Nigeria,Igbo,2026-04-25,273
chaiii nke a bu hot pepper‍️ atarodo,ibo,neutral,0.6502373814582825,0,0_na_onye_gi_ndi,West Africa,Nigeria,Igbo,2026-01-01,456
ka m na àgwà gị oo,ibo,neutral,0.9290137887001038,1,1_na_ya_gi_ka,West Africa,Nigeria,Igbo,2026-03-09,340
bia tf is wrong with u ppl otolo gbagbue unu ebe anwa oku mmuo neche unu nine umu ewepu,ibo,negative,0.7500202059745789,1,1_na_ya_gi_ka,West Africa,Nigeria,Igbo,2026-04-04,33
hail my jesus ebube ebube ebube igwe,ibo,negative,0.727761447429657,0,0_na_onye_gi_ndi,West Africa,Nigeria,Igbo,2026-03-26,450
nga block all entrance and exit bụ ùnu kà igo si zia m ike gi,ibo,neutral,0.8278089165687561,0,0_na_onye_gi_ndi,West Africa,Nigeria,Igbo,2026-05-21,444
okwa nke di ocha ka ina esoachu,ibo,neutral,0.9279984831809998,1,1_na_ya_gi_ka,West Africa,Nigeria,Igbo,2026-03-24,386
umu agbogho na daughters,ibo,neutral,0.8496838808059692,0,0_na_onye_gi_ndi,West Africa,Nigeria,Igbo,2026-03-04,468
hahahahahaha ọ chọ okwu,ibo,neutral,0.6211897134780884,-1,misc / outlier,West Africa,Nigeria,Igbo,2026-01-09,364
nekwa odogwu on the move ndi anambra neenu future governor unu,ibo,negative,0.5637909770011902,1,1_na_ya_gi_ka,West Africa,Nigeria,Igbo,2026-08-14,483
onye ngbu on a low,ibo,negative,0.7395960688591003,1,1_na_ya_gi_ka,West Africa,Nigeria,Igbo,2026-03-21,196
nwanne mu nwa netinye ihe nife obula,ibo,neutral,0.9315148591995239,0,0_na_onye_gi_ndi,West Africa,Nigeria,Igbo,2026-02-25,54
yes oo onye igbere,ibo,negative,0.5486748218536377,0,0_na_onye_gi_ndi,West Africa,Nigeria,Igbo,2026-04-02,126
buh since nwa amadi ahu ji ga abuja ‍️ nwaka ji ya nulo,ibo,neutral,0.6365500688552856,1,1_na_ya_gi_ka,West Africa,Nigeria,Igbo,2026-02-16,105
ma gi nwa,ibo,neutral,0.8447975516319275,0,0_na_onye_gi_ndi,West Africa,Nigeria,Igbo,2026-01-01,104
asị gịonye ori,ibo,positive,0.8736279606819153,0,0_na_onye_gi_ndi,West Africa,Nigeria,Igbo,2026-03-27,57
omakazi ka nwanyi chukwu kere nubochi sunday,ibo,positive,0.9651865363121033,-1,misc / outlier,West Africa,Nigeria,Igbo,2026-04-08,17
if culvet ahụ nọ naka ekpe side ahụ ka norsum ahụ bi nyata the avalon nime side ahụ zo ya iko,ibo,neutral,0.6852579712867737,0,0_na_onye_gi_ndi,West Africa,Nigeria,Igbo,2026-01-22,17
onowu obi dajụọ gị,ibo,neutral,0.7114522457122803,0,0_na_onye_gi_ndi,West Africa,Nigeria,Igbo,2026-05-02,486
nara ekele nara otito ome mma nani gi ka m gaefe,ibo,neutral,0.8014817833900452,0,0_na_onye_gi_ndi,West Africa,Nigeria,Igbo,2026-03-13,434
okpa di oku enugu living,ibo,neutral,0.8176184296607971,0,0_na_onye_gi_ndi,West Africa,Nigeria,Igbo,2026-05-09,466
onye hụrụ nne kpọọ ya nne bụ onye anya luru ala ya gazieere gị ooh,ibo,neutral,0.884986937046051,0,0_na_onye_gi_ndi,West Africa,Nigeria,Igbo,2026-06-17,415
odowara agu onu,ibo,negative,0.6540818810462952,0,0_na_onye_gi_ndi,West Africa,Nigeria,Igbo,2026-02-21,385
umu chineke eh tuwara nu jesus egwu,ibo,neutral,0.6439019441604614,-1,misc / outlier,West Africa,Nigeria,Igbo,2026-03-05,324
ịna ajum ehie ịmela nnkwa ébé ihara omenala jiwe ụka,ibo,neutral,0.7332863211631775,1,1_na_ya_gi_ka,West Africa,Nigeria,Igbo,2026-05-10,44
na elu na,ibo,positive,0.5426880121231079,0,0_na_onye_gi_ndi,West Africa,Nigeria,Igbo,2026-07-18,422
merry christmas kedụ ebe rice na ọkụkọ ekeresimesi dị,ibo,positive,0.6745564937591553,0,0_na_onye_gi_ndi,West Africa,Nigeria,Igbo,2026-01-02,384
ọkwá ọnye na kpụọ ụla ọmu lu anya kà azụ ma kà ndị a,ibo,neutral,0.7049657702445984,0,0_na_onye_gi_ndi,West Africa,Nigeria,Igbo,2026-01-24,323
enter gbuo gi,ibo,negative,0.7432212829589844,0,0_na_onye_gi_ndi,West Africa,Nigeria,Igbo,2026-03-09,323
onye mụtara nwa gụọ ya afamefuna ọ sị nke onye fuo,ibo,neutral,0.889982283115387,1,1_na_ya_gi_ka,West Africa,Nigeria,Igbo,2026-07-29,147
no lies nwannem chukwu di egwu,ibo,negative,0.5773756504058838,1,1_na_ya_gi_ka,West Africa,Nigeria,Igbo,2026-01-23,244
nwokem mmadu igadi kwa thank you,ibo,positive,0.9099318385124207,1,1_na_ya_gi_ka,West Africa,Nigeria,Igbo,2026-02-06,51
trail and luck kwa jiri ya winue ucl ugboro ato obughikwa otu ugboro,ibo,neutral,0.8884222507476807,0,0_na_onye_gi_ndi,West Africa,Nigeria,Igbo,2026-04-13,67
ego a naeji achụ ụmụ nwanyị is nonrefundable chinonso,ibo,neutral,0.7187213897705078,-1,misc / outlier,West Africa,Nigeria,Igbo,2026-05-31,50
akwukwo akuko taa +deemikecmi,ibo,neutral,0.8431876301765442,1,1_na_ya_gi_ka,West Africa,Nigeria,Igbo,2026-01-11,405
emeka gi na mrs trouble ‍️‍️‍️,ibo,negative,0.5863608717918396,0,0_na_onye_gi_ndi,West Africa,Nigeria,Igbo,2026-04-11,387
unu na ha enyem flexing back to back hapunum kam je juo egoowuhu eme chaa m chena enwetegom the ego owu ‍️,ibo,neutral,0.7422994375228882,1,1_na_ya_gi_ka,West Africa,Nigeria,Igbo,2026-01-06,330
fa ebutebeghi ike mgbe ndi ozo na ecolonize ndorodoro afrika,ibo,neutral,0.859276533126831,1,1_na_ya_gi_ka,West Africa,Nigeria,Igbo,2026-03-18,104
chota nke di slim without nkwu ike,ibo,positive,0.8186421394348145,1,1_na_ya_gi_ka,West Africa,Nigeria,Igbo,2026-03-19,150
ala were kwa gi there nkita ara,ibo,negative,0.9185739159584045,1,1_na_ya_gi_ka,West Africa,Nigeria,Igbo,2026-06-11,163
eliro m ugwo akwukwo m,ibo,neutral,0.8670872449874878,1,1_na_ya_gi_ka,West Africa,Nigeria,Igbo,2026-03-01,172
nnem idi uto,ibo,positive,0.9125888347625732,0,0_na_onye_gi_ndi,West Africa,Nigeria,Igbo,2026-01-22,216
chukwu ga naeche gi,ibo,positive,0.7533295750617981,0,0_na_onye_gi_ndi,West Africa,Nigeria,Igbo,2026-05-30,133
gini bu ihe a,ibo,negative,0.6780202388763428,0,0_na_onye_gi_ndi,West Africa,Nigeria,Igbo,2026-05-16,10
nnem daalụ ọkwa nụ nghọta bụ ihe na ese okwu,ibo,neutral,0.6282849311828613,0,0_na_onye_gi_ndi,West Africa,Nigeria,Igbo,2026-08-07,179
bia akunekwe hapum aka ha zi gi ezi,ibo,neutral,0.941872239112854,0,0_na_onye_gi_ndi,West Africa,Nigeria,Igbo,2026-07-12,131
ike gwuru nna biko domu anya ofuma biko,ibo,neutral,0.9065314531326294,0,0_na_onye_gi_ndi,West Africa,Nigeria,Igbo,2026-02-09,476
o di mkpa,ibo,negative,0.5334364175796509,-1,misc / outlier,West Africa,Nigeria,Igbo,2026-06-18,144
small alert from you o ga agbawe ntutu m ofuma oo daalu sir udo dili gi,ibo,negative,0.7179394364356995,1,1_na_ya_gi_ka,West Africa,Nigeria,Igbo,2026-08-17,24
afo sagbue gii dia,ibo,neutral,0.7297868728637695,0,0_na_onye_gi_ndi,West Africa,Nigeria,Igbo,2026-07-03,366
onye chi mere eze eze ka oga abu,ibo,neutral,0.9244931936264038,1,1_na_ya_gi_ka,West Africa,Nigeria,Igbo,2026-07-20,389
omalicha nwa ada,ibo,positive,0.9646663069725037,0,0_na_onye_gi_ndi,West Africa,Nigeria,Igbo,2026-08-14,188
ọ gaadị egwu,ibo,negative,0.5072706937789917,0,0_na_onye_gi_ndi,West Africa,Nigeria,Igbo,2026-06-02,466
‍‍‍chukwuabiama eze ekele diri gi congratulations bro for his mercy said no,ibo,positive,0.9366756081581116,1,1_na_ya_gi_ka,West Africa,Nigeria,Igbo,2026-04-10,164
oge egwu highlife na magicfm `aba,ibo,positive,0.7182194590568542,0,0_na_onye_gi_ndi,West Africa,Nigeria,Igbo,2026-07-15,393
stay strong nwanyị ọma ogadimma,ibo,positive,0.9448580741882324,0,0_na_onye_gi_ndi,West Africa,Nigeria,Igbo,2026-03-25,493
ụmụ nwaanyị dị njọ grand pa,ibo,neutral,0.7726927995681763,0,0_na_onye_gi_ndi,West Africa,Nigeria,Igbo,2026-07-04,308
ugbua kam matara ihe mere mnk ji kwo nija zoo nihi na ha nagba mbo ka nnama nwee ebe obibi na ala niguria kwaa mgburu,ibo,neutral,0.8965264558792114,0,0_na_onye_gi_ndi,West Africa,Nigeria,Igbo,2026-05-07,257
apparently hello means ndeewò agam ebido nkene ndi mmadu otua ututu oma,ibo,positive,0.8989694118499756,1,1_na_ya_gi_ka,West Africa,Nigeria,Igbo,2026-02-08,243
anyi noisi aja,ibo,positive,0.6483205556869507,0,0_na_onye_gi_ndi,West Africa,Nigeria,Igbo,2026-03-14,435
ala gbagara gi,ibo,negative,0.9008813500404358,0,0_na_onye_gi_ndi,West Africa,Nigeria,Igbo,2026-07-05,147
gbagagba oga adiri gi na mma nwoke oma onye si na onye nze ga adi onye ahu ga adikwanu makana mkweturu ka nsi egbe ji ere oku egwu nkita bu onye daru onye daru,ibo,neutral,0.4330487847328186,0,0_na_onye_gi_ndi,West Africa,Nigeria,Igbo,2026-06-08,316
men kwa biko aburokwam number igbaro any shot at me bugodi number nke abuo doughnuts na banana cake ngwalu gi welu kwuo ugwo isim fialu gi aru ime so therefore kukuly dey your dey biko,ibo,neutral,0.49433615803718567,1,1_na_ya_gi_ka,West Africa,Nigeria,Igbo,2026-06-14,381
mgbahu obu estate gate kam kporo target gate ugbua anom na bem oku justru bia now daalu nnam immela,ibo,neutral,0.836502194404602,1,1_na_ya_gi_ka,West Africa,Nigeria,Igbo,2026-02-07,15
happy birthday ukwuchukwu olisa mebelu gi ife nnam,ibo,positive,0.9690801501274109,-1,misc / outlier,West Africa,Nigeria,Igbo,2026-01-12,403
ihe boys nesi steady back in uni obere ihe,ibo,neutral,0.5500946640968323,0,0_na_onye_gi_ndi,West Africa,Nigeria,Igbo,2026-07-31,211
nna gbasa m the tea husa m ya a dị m ready,ibo,neutral,0.6215485334396362,1,1_na_ya_gi_ka,West Africa,Nigeria,Igbo,2026-08-02,15
diba mma oga val ka aka chukwu na eme mma gwoo gi oria ma nke enu aru ma nke kpuru obi amii,ibo,neutral,0.7051270008087158,1,1_na_ya_gi_ka,West Africa,Nigeria,Igbo,2026-07-03,223
nkem biko hapu dede,ibo,neutral,0.8806129693984985,0,0_na_onye_gi_ndi,West Africa,Nigeria,Igbo,2026-08-17,265
abeg who sabi this edwin nwabueze kedụ ndi bụ ndị ụmụnna ya,ibo,neutral,0.739151656627655,1,1_na_ya_gi_ka,West Africa,Nigeria,Igbo,2026-05-12,395
my biz mogul ada eji ejemba oriaku special top forbes young under millionaire ya gazierigi nwanyi oma,ibo,positive,0.9356619715690613,1,1_na_ya_gi_ka,West Africa,Nigeria,Igbo,2026-06-10,50
obu esi oku nna,ibo,neutral,0.7213025689125061,0,0_na_onye_gi_ndi,West Africa,Nigeria,Igbo,2026-04-20,177
ngwanu oge adiro,ibo,neutral,0.9009114503860474,-1,misc / outlier,West Africa,Nigeria,Igbo,2026-07-07,240
onye di ka gi onye di ka chukwu agu neche mba,ibo,neutral,0.9251412153244019,0,0_na_onye_gi_ndi,West Africa,Nigeria,Igbo,2026-06-29,360
umu aka ma nke bu pond na natural habitat ile fa kpana yafa si gi okwa drum ka fa ji zuo ya,ibo,neutral,0.812622606754303,1,1_na_ya_gi_ka,West Africa,Nigeria,Igbo,2026-07-27,24
anya gi ga akpo soon ️,ibo,negative,0.5818420648574829,1,1_na_ya_gi_ka,West Africa,Nigeria,Igbo,2026-05-10,275
ferdinand isi adịghị gị mma o,ibo,positive,0.5176958441734314,0,0_na_onye_gi_ndi,West Africa,Nigeria,Igbo,2026-02-05,289
ọgaranya jere mba anụ juru akpa bụ ndị ọna enye nyere ya ilu igbo,ibo,neutral,0.8900511264801025,0,0_na_onye_gi_ndi,West Africa,Nigeria,Igbo,2026-08-21,110
oga ezite ya na mgbe i na atughi anya ya chere ya,ibo,neutral,0.7910056114196777,1,1_na_ya_gi_ka,West Africa,Nigeria,Igbo,2026-05-15,365
thank you sironye chukwu gozili ka ibu,ibo,positive,0.9417961835861206,1,1_na_ya_gi_ka,West Africa,Nigeria,Igbo,2026-07-12,441
nna a ike gwuru dis early mornn‍️,ibo,negative,0.8960879445075989,1,1_na_ya_gi_ka,West Africa,Nigeria,Igbo,2026-05-10,423
efesa ihe a obara o ruwa oru ozugbo,ibo,neutral,0.7971084117889404,0,0_na_onye_gi_ndi,West Africa,Nigeria,Igbo,2026-05-26,46
nice my brother abum onye okpuno,ibo,positive,0.7365348935127258,0,0_na_onye_gi_ndi,West Africa,Nigeria,Igbo,2026-08-02,294
bia ebe a bonario nke a balu na anya choi,ibo,neutral,0.8754313588142395,0,0_na_onye_gi_ndi,West Africa,Nigeria,Igbo,2026-07-28,419
nne kedi ebe ino biko,ibo,neutral,0.8456714749336243,0,0_na_onye_gi_ndi,West Africa,Nigeria,Igbo,2026-07-25,147
hahhahahhha onye mgbu,ibo,negative,0.8815765380859375,0,0_na_onye_gi_ndi,West Africa,Nigeria,Igbo,2026-01-05,87
mpa gi ka ina akpo ewu ohia anumanu,ibo,neutral,0.9142839312553406,0,0_na_onye_gi_ndi,West Africa,Nigeria,Igbo,2026-07-31,223
hapu ha ha che na obu egwuregwu otoro gbagbuo the bastard there,ibo,negative,0.8771731853485107,0,0_na_onye_gi_ndi,West Africa,Nigeria,Igbo,2026-06-25,0
eze m jesus nani gi kachasi nma,ibo,neutral,0.8145840764045715,1,1_na_ya_gi_ka,West Africa,Nigeria,Igbo,2026-05-30,268
chineke nna bikonu aririo kam nọ zí,ibo,neutral,0.729925811290741,1,1_na_ya_gi_ka,West Africa,Nigeria,Igbo,2026-07-24,103
udo nke obi di nkor,ibo,positive,0.593795895576477,1,1_na_ya_gi_ka,West Africa,Nigeria,Igbo,2026-08-17,147
oriri amu ebini ji ibi ugwo ibi big size nnukwu ibi,ibo,neutral,0.6701977849006653,1,1_na_ya_gi_ka,West Africa,Nigeria,Igbo,2026-07-02,390
and theres akwa sewing table nwanyi nakwa akwa na akwa akwa na okuko yiri akwa nelu akwa ó kwara akwa di nelu akwa feel free to translate,ibo,neutral,0.8412763476371765,1,1_na_ya_gi_ka,West Africa,Nigeria,Igbo,2026-06-24,384
cynthia e tinye ụgbọ na high sea,ibo,neutral,0.6865734457969666,0,0_na_onye_gi_ndi,West Africa,Nigeria,Igbo,2026-06-27,500
ezigbo onye iberibe oh,ibo,negative,0.9015809893608093,-1,misc / outlier,West Africa,Nigeria,Igbo,2026-06-14,27
eziokwu bu nduthe ooni has spoken,ibo,positive,0.6643542051315308,1,1_na_ya_gi_ka,West Africa,Nigeria,Igbo,2026-02-28,2
t ahh oga ji nwanyi boyi ugwo,ibo,neutral,0.8258653283119202,0,0_na_onye_gi_ndi,West Africa,Nigeria,Igbo,2026-01-22,178
onye me mma mma imela imela,ibo,neutral,0.7387824058532715,0,0_na_onye_gi_ndi,West Africa,Nigeria,Igbo,2026-01-08,251
inwere afo biri biri flagyl di nulo,ibo,neutral,0.7304065227508545,0,0_na_onye_gi_ndi,West Africa,Nigeria,Igbo,2026-01-11,48
ebube umu igbo ji aga karịrị,ibo,negative,0.5635791420936584,0,0_na_onye_gi_ndi,West Africa,Nigeria,Igbo,2026-02-04,251
onye nkuzi deservu ya,ibo,neutral,0.6352204084396362,0,0_na_onye_gi_ndi,West Africa,Nigeria,Igbo,2026-06-13,355
etu a ka odi,ibo,neutral,0.8725230693817139,0,0_na_onye_gi_ndi,West Africa,Nigeria,Igbo,2026-04-03,407
ike gwuru be guided o na them okwa scope fa ji achó customers na twitter,ibo,negative,0.8050448298454285,1,1_na_ya_gi_ka,West Africa,Nigeria,Igbo,2026-01-27,422
ogaranya di ka gi,ibo,neutral,0.6700294613838196,0,0_na_onye_gi_ndi,West Africa,Nigeria,Igbo,2026-04-07,94
judikay ndi mmuo ozi,ibo,positive,0.9482223987579346,0,0_na_onye_gi_ndi,West Africa,Nigeria,Igbo,2026-08-02,495
ọnye wetara ọjị wetara ndụ ndụ anyị ga dị ka mmịrị maka na mmịrị e nwe ịlo anyị ga napụ na abata nụdo oganịrụ nahụ ịke ga bụ ọke anyị nya mara anyị mma ma kwa nya gazịelụ anyị tata ma mgbe nịịle ịsee,ibo,neutral,0.791483998298645,1,1_na_ya_gi_ka,West Africa,Nigeria,Igbo,2026-04-26,253
sharp sharp nwanne oge adiro,ibo,positive,0.8479184508323669,0,0_na_onye_gi_ndi,West Africa,Nigeria,Igbo,2026-05-23,303
hahaha okeke nwanyi lol leave ndi fantasy alone biko,ibo,neutral,0.8890801072120667,0,0_na_onye_gi_ndi,West Africa,Nigeria,Igbo,2026-01-13,177
onyinye mu oma obi mu oyoko di nma agbala ka nze elelebe eje oru mu anyanwu ututu asa ji ukwu mji eme onu odi mu nobu ada nagbakam isi how can i ever curve you isi odikwa mu mma ️️️️,ibo,negative,0.7781813144683838,0,0_na_onye_gi_ndi,West Africa,Nigeria,Igbo,2026-06-10,490
hi omalicha nwa kedụ ka ọ sị ada tata na ebe ahụ,ibo,positive,0.8404319286346436,0,0_na_onye_gi_ndi,West Africa,Nigeria,Igbo,2026-01-05,425
ana gi eji fineboi apata ego,ibo,neutral,0.6852346062660217,-1,misc / outlier,West Africa,Nigeria,Igbo,2026-06-10,263
oga nnuku cheta kwa your boy e di too much access bank nnadozie ekene gideon,ibo,positive,0.49656301736831665,1,1_na_ya_gi_ka,West Africa,Nigeria,Igbo,2026-05-17,133
success nwere atutu nwanne na mbauwa dum,ibo,neutral,0.8729932904243469,0,0_na_onye_gi_ndi,West Africa,Nigeria,Igbo,2026-06-24,295
akwuna ya di too much biko,ibo,neutral,0.8671293258666992,1,1_na_ya_gi_ka,West Africa,Nigeria,Igbo,2026-03-04,483
mbaise nwere mmadu right here denne osuagwu ekele oo,ibo,positive,0.8287155628204346,1,1_na_ya_gi_ka,West Africa,Nigeria,Igbo,2026-05-06,81
abacha nke a,ibo,neutral,0.8976528644561768,1,1_na_ya_gi_ka,West Africa,Nigeria,Igbo,2026-03-09,145
onye ujo akwukwo ibem mgbe nwa daalu ezigbo mmadu,ibo,neutral,0.8720757961273193,1,1_na_ya_gi_ka,West Africa,Nigeria,Igbo,2026-01-01,417
nwanne ihe nwoke na afu kariri,ibo,neutral,0.8612532019615173,0,0_na_onye_gi_ndi,West Africa,Nigeria,Igbo,2026-04-27,109
e kere olụ eke ndị nne ga ghọta okwụ a,ibo,neutral,0.8462992906570435,0,0_na_onye_gi_ndi,West Africa,Nigeria,Igbo,2026-07-24,480
ụmụ igbo unu abọọla chi anyị naasị na taa gaabụrụ anyị ụbọchị ọma taa bụ ụbọchị nke iri na abụọ nọnwa jenuwarị bụrụkwa ụbọchị ahịa afọ nala igbo did you know that at a point during the biafra war about a thousand biafran children,ibo,neutral,0.6276898384094238,1,1_na_ya_gi_ka,West Africa,Nigeria,Igbo,2026-01-18,358
this explanation mechiri akwukwo,ibo,neutral,0.6959636211395264,1,1_na_ya_gi_ka,West Africa,Nigeria,Igbo,2026-07-11,118
ọdị mma ọdogwu,ibo,neutral,0.5077286958694458,0,0_na_onye_gi_ndi,West Africa,Nigeria,Igbo,2026-08-27,255
convene gbuo gi dia,ibo,negative,0.7431697845458984,0,0_na_onye_gi_ndi,West Africa,Nigeria,Igbo,2026-05-09,84
ndi ara ndi ara every where nonsense ️,ibo,positive,0.5086222290992737,0,0_na_onye_gi_ndi,West Africa,Nigeria,Igbo,2026-08-18,56
bia bìķò owerri off port harcourt na àzų ka ėkė onu ňwà,ibo,neutral,0.8607571125030518,-1,misc / outlier,West Africa,Nigeria,Igbo,2026-05-18,480
iwu nnọọ ónyé apari,ibo,neutral,0.8962825536727905,0,0_na_onye_gi_ndi,West Africa,Nigeria,Igbo,2026-01-24,325
biko gini ka mere gi m adighi obina mara gi pls oo its sunday lemme know so i can repent,ibo,neutral,0.7600159049034119,1,1_na_ya_gi_ka,West Africa,Nigeria,Igbo,2026-06-18,392
bia willberforce ana agbakwa dị uzo ekwuluobia to nnewi a the state of this road ọ dị ya mma na obi kedu ife mmadụ ji ịsị nwere kotara ndị ọchịchị anyị,ibo,neutral,0.5914978981018066,1,1_na_ya_gi_ka,West Africa,Nigeria,Igbo,2026-05-15,41
hustlersndi eriri eri,ibo,positive,0.9255430102348328,0,0_na_onye_gi_ndi,West Africa,Nigeria,Igbo,2026-01-17,251
mad o bia nwa shey igaghi ano ofu ebe,ibo,neutral,0.8869948387145996,1,1_na_ya_gi_ka,West Africa,Nigeria,Igbo,2026-07-10,403
going through i don smile tire,pcm,positive,0.8432427048683167,0,0_dey_na_for_me,West Africa,Nigeria,Nigerian Pidgin,2026-07-08,356
e good ai,pcm,positive,0.9485255479812622,0,0_dey_na_for_me,West Africa,Nigeria,Nigerian Pidgin,2026-05-02,287
na my guy e dey sweet to argue with am for tl,pcm,positive,0.8486997485160828,0,0_dey_na_for_me,West Africa,Nigeria,Nigerian Pidgin,2026-03-06,402
now na me them dey answer yes sirrespect is reciprocal even though una know say i special,pcm,positive,0.6138607859611511,0,0_dey_na_for_me,West Africa,Nigeria,Nigerian Pidgin,2026-07-27,53
wetin that one type,pcm,negative,0.8024840950965881,0,0_dey_na_for_me,West Africa,Nigeria,Nigerian Pidgin,2026-01-20,321
una governor said him don do roads finish wan enter airport gon buy jet,pcm,negative,0.9084634780883789,0,0_dey_na_for_me,West Africa,Nigeria,Nigerian Pidgin,2026-08-05,167
e be lyk say una dey ment what just happened to the last in my account just now u guys just turned me to broke girl,pcm,negative,0.8330036997795105,0,0_dey_na_for_me,West Africa,Nigeria,Nigerian Pidgin,2026-03-09,182
wetin bro chimezie go do he don cry tire sotey e eye come swell up like say boil catch am him dey vex for aka,pcm,negative,0.8200044631958008,0,0_dey_na_for_me,West Africa,Nigeria,Nigerian Pidgin,2026-03-02,48
wow well e get as e dey sweet everybody,pcm,positive,0.9333797097206116,0,0_dey_na_for_me,West Africa,Nigeria,Nigerian Pidgin,2026-07-06,205
whats the difference but the money used in printing d souvenirs was stolenwe say person corrupt dey say na small,pcm,negative,0.9003206491470337,0,0_dey_na_for_me,West Africa,Nigeria,Nigerian Pidgin,2026-07-13,475
it is all these kain shot shooting that we want this las las it wee na end in picking a date for weddingthen you wee na start sourcing for souvenirs you should remember thats,pcm,positive,0.891944408416748,0,0_dey_na_for_me,West Africa,Nigeria,Nigerian Pidgin,2026-02-22,202
na today i knw day emoney na my brother cos we av same surname abeg make who na help me locate him page,pcm,positive,0.5349780917167664,0,0_dey_na_for_me,West Africa,Nigeria,Nigerian Pidgin,2026-03-01,456
lol the two people wey you mention so na them dey give me hope of having beards,pcm,positive,0.515784502029419,0,0_dey_na_for_me,West Africa,Nigeria,Nigerian Pidgin,2026-07-09,455
ur testimony makes me dis god he z a true god he works n ways man cannot understandu were n pain bt just dat song nara brought abt ur healing lyk u said fr days nw u hve not bn n pain who has done dat no bt jesus all glory return to him alone,pcm,negative,0.8408768773078918,0,0_dey_na_for_me,West Africa,Nigeria,Nigerian Pidgin,2026-06-16,381
people just dey lie on sapa head ‍️ person wey we dey complain about sapa don leave me go cyprus ️ sapa nice one oo️,pcm,negative,0.6701513528823853,0,0_dey_na_for_me,West Africa,Nigeria,Nigerian Pidgin,2026-04-28,44
person no fit drink for this kind setting small high and youre in the sea,pcm,negative,0.6731624603271484,0,0_dey_na_for_me,West Africa,Nigeria,Nigerian Pidgin,2026-05-07,216
police self some of una sabi mumu which one come be the camera for assuming say na passer by o kwe odidi like the kidnapper go wait make the camera man come video am ‍️‍️,pcm,negative,0.7468977570533752,0,0_dey_na_for_me,West Africa,Nigeria,Nigerian Pidgin,2026-08-05,454
all win na win na points dey important,pcm,negative,0.4240015745162964,0,0_dey_na_for_me,West Africa,Nigeria,Nigerian Pidgin,2026-04-08,330
even short time here na from k sef,pcm,negative,0.8672817349433899,0,0_dey_na_for_me,West Africa,Nigeria,Nigerian Pidgin,2026-01-20,12
omooooooooo e don tey oooo at last we see person vpn login steal congratulations to me on my login back to twitter ive missed dragging environment mehhn buhari snapchat burna meta verse black rihanna,pcm,negative,0.8119446039199829,0,0_dey_na_for_me,West Africa,Nigeria,Nigerian Pidgin,2026-05-03,190
make them talk oun tori lobe to fi waro owo make dem talk,pcm,negative,0.786351203918457,0,0_dey_na_for_me,West Africa,Nigeria,Nigerian Pidgin,2026-08-22,105
phyn boi wey come sabi bake again ️ we are your best cake its not even a competition sef abeg oooo buy what i am selling pls if this comes up on your timeline retweet thanks,pcm,positive,0.8582308292388916,0,0_dey_na_for_me,West Africa,Nigeria,Nigerian Pidgin,2026-06-25,155
people wey e no better for sinceno be today nyash dey back naw,pcm,negative,0.6593709588050842,0,0_dey_na_for_me,West Africa,Nigeria,Nigerian Pidgin,2026-03-15,134
tike don reach na why u dey wake up by am dont worry in d next yrsu will wake up to see the cute baby diva when u wake up by am,pcm,negative,0.5211836099624634,0,0_dey_na_for_me,West Africa,Nigeria,Nigerian Pidgin,2026-07-16,219
eazege dis ur hair eh u look like joseph for bible wey dey think of him future odogwu e go dey softer for u grammy go reach ur side just do something extra ordinary like ur self ️,pcm,positive,0.5204269886016846,0,0_dey_na_for_me,West Africa,Nigeria,Nigerian Pidgin,2026-01-12,461
my guy i don tire everything na goals these days,pcm,negative,0.5961921811103821,0,0_dey_na_for_me,West Africa,Nigeria,Nigerian Pidgin,2026-06-07,279
i once went to salon for haircut so the lad was showing me beard growth cream or so said its k then i asked if i should apply now how many days before e go come e say months me after spending k na months before e come e no serious ion buy,pcm,negative,0.8225743174552917,0,0_dey_na_for_me,West Africa,Nigeria,Nigerian Pidgin,2026-06-11,256
imagine this weather for two abeg where una dey see love now,pcm,positive,0.5734811425209045,0,0_dey_na_for_me,West Africa,Nigeria,Nigerian Pidgin,2026-06-14,87
abeg alex dey dancemy kinda girl,pcm,positive,0.9452630877494812,0,0_dey_na_for_me,West Africa,Nigeria,Nigerian Pidgin,2026-02-20,194
ok please its a joke o dont send account number or ask how cause me sef no know anything i never see k before sef where i wan see million,pcm,negative,0.8345813751220703,0,0_dey_na_for_me,West Africa,Nigeria,Nigerian Pidgin,2026-01-20,452
uche abeg e don do na,pcm,positive,0.6988463997840881,0,0_dey_na_for_me,West Africa,Nigeria,Nigerian Pidgin,2026-06-03,322
so na kompany wey i can exchange for a loaf spoil my show,pcm,positive,0.7755047082901001,0,0_dey_na_for_me,West Africa,Nigeria,Nigerian Pidgin,2026-02-07,119
the number dey dia call me also you too fit believe,pcm,positive,0.6268415451049805,0,0_dey_na_for_me,West Africa,Nigeria,Nigerian Pidgin,2026-03-26,483
buhari son kee hes probably well secured even agbero chairman piking dem na yankee dem dey,pcm,negative,0.9168371558189392,0,0_dey_na_for_me,West Africa,Nigeria,Nigerian Pidgin,2026-03-07,235
forex trading be like baba don put hand for head alot of persons make the mistake of opening multiple running trades abeg how you wan manage them without running mad,pcm,negative,0.8517218828201294,0,0_dey_na_for_me,West Africa,Nigeria,Nigerian Pidgin,2026-06-16,64
erica don dey morun ẹ don dey enter body,pcm,negative,0.6468217372894287,0,0_dey_na_for_me,West Africa,Nigeria,Nigerian Pidgin,2026-07-10,272
even my ppl from that villa side dey say chris don buy iphone den no say na redmi doings,pcm,negative,0.880350649356842,0,0_dey_na_for_me,West Africa,Nigeria,Nigerian Pidgin,2026-06-27,304
na wa for this season oh wetin dey happen,pcm,negative,0.8828645348548889,0,0_dey_na_for_me,West Africa,Nigeria,Nigerian Pidgin,2026-03-19,386
you de mind them before,pcm,positive,0.6282568573951721,0,0_dey_na_for_me,West Africa,Nigeria,Nigerian Pidgin,2026-06-09,352
na chairman wey dey try boys dey tell congratulations o congratulation to mr bawa e no go bad if he do giveaway or drop location for boys,pcm,negative,0.5730382204055786,0,0_dey_na_for_me,West Africa,Nigeria,Nigerian Pidgin,2026-05-26,385
i swear i no understand my account balance e be like say e dey leak somewhere,pcm,negative,0.729864239692688,0,0_dey_na_for_me,West Africa,Nigeria,Nigerian Pidgin,2026-02-04,309
but seriously all these females oap in enugu need to stop all this plenty english when theyre on air️ e no fit some of una at all,pcm,negative,0.8783327341079712,0,0_dey_na_for_me,West Africa,Nigeria,Nigerian Pidgin,2026-01-04,330
make someone call me too na i be person pikin single life good but my guy and his babe dey use me catch cruise for here,pcm,positive,0.646672785282135,0,0_dey_na_for_me,West Africa,Nigeria,Nigerian Pidgin,2026-05-04,17
if you de with me e go sure for me let every other name fade away ft,pcm,negative,0.6805018782615662,0,0_dey_na_for_me,West Africa,Nigeria,Nigerian Pidgin,2026-01-16,178
man see weddings everywhere e de make pessin think of doing it again,pcm,positive,0.9061587452888489,0,0_dey_na_for_me,West Africa,Nigeria,Nigerian Pidgin,2026-05-05,297
chai i made dis kind of post when i came on dis app o fine girl made similar post and in d same month she joined she already has more followers than me now dis is gender inequality,pcm,negative,0.6596206426620483,0,0_dey_na_for_me,West Africa,Nigeria,Nigerian Pidgin,2026-03-10,167
bank wey i don upgrade to nm nm enter dem flag am and this customer care dey ask me whats that money for bro,pcm,negative,0.7759655117988586,0,0_dey_na_for_me,West Africa,Nigeria,Nigerian Pidgin,2026-06-22,267
you see ahh omo na to hustle for street jarey school wey person go go finish work no dey and even when you finally see work do sef the salary no go give person reasons to smile if you comot transport and feeding it is finished,pcm,negative,0.8608233332633972,0,0_dey_na_for_me,West Africa,Nigeria,Nigerian Pidgin,2026-01-26,79
lol my own sef na apology,pcm,positive,0.8907265663146973,0,0_dey_na_for_me,West Africa,Nigeria,Nigerian Pidgin,2026-06-27,444
the ijebu girl wey video this stuff been dey vex see commentary nah,pcm,negative,0.5459885597229004,0,0_dey_na_for_me,West Africa,Nigeria,Nigerian Pidgin,2026-02-25,431
akpons dem go chop apku and nsalla soup because the return leg na just i am coming in as a food nutritionist,pcm,negative,0.901262104511261,0,0_dey_na_for_me,West Africa,Nigeria,Nigerian Pidgin,2026-06-22,230
this when never even matured things don dey sup jailbreak and dna testing don dey supeven dangote yansh sef ‍️,pcm,negative,0.8980432152748108,0,0_dey_na_for_me,West Africa,Nigeria,Nigerian Pidgin,2026-05-06,338
na wah oh which crime i commit wey you go come tie me like this dey flog,pcm,negative,0.7975744605064392,0,0_dey_na_for_me,West Africa,Nigeria,Nigerian Pidgin,2026-03-16,283
my people who wan chop im cooking sth get ur ticket now the food go sweet oo wen i cook am finish the nnewi hotel and event centre,pcm,positive,0.7959292531013489,0,0_dey_na_for_me,West Africa,Nigeria,Nigerian Pidgin,2026-07-01,379
cc ur mans market don dey sell,pcm,negative,0.8024982213973999,0,0_dey_na_for_me,West Africa,Nigeria,Nigerian Pidgin,2026-05-13,165
so wetin em be he cover faceso na masquerade nah,pcm,negative,0.8677714467048645,0,0_dey_na_for_me,West Africa,Nigeria,Nigerian Pidgin,2026-03-15,86
and then there was gift ‍️ na that one vex my guys dem introduce me to inmessage,pcm,positive,0.5056055784225464,0,0_dey_na_for_me,West Africa,Nigeria,Nigerian Pidgin,2026-04-29,237
na tailor when dey try na costumers dey loyal for na innoclothings dey run am benin city edo state nigeria west africa,pcm,negative,0.9022946357727051,1,1_nigeria_dey_nigerian_im,West Africa,Nigeria,Nigerian Pidgin,2026-04-30,224
you don dey well abi badt guy,pcm,positive,0.8401195406913757,0,0_dey_na_for_me,West Africa,Nigeria,Nigerian Pidgin,2026-04-30,352
ken no fit make heaven sha,pcm,negative,0.726679801940918,0,0_dey_na_for_me,West Africa,Nigeria,Nigerian Pidgin,2026-07-16,395
baba help me i cant afford to miss this job all i need it small boost so i can travel down the uyo from ph e no easy to get job for this coro period,pcm,positive,0.6297040581703186,0,0_dey_na_for_me,West Africa,Nigeria,Nigerian Pidgin,2026-01-31,131
i don get power bank mah na the watch de remain who go buy watch for me,pcm,negative,0.7995664477348328,0,0_dey_na_for_me,West Africa,Nigeria,Nigerian Pidgin,2026-08-17,296
we dey play dorobucci by ontop wit,pcm,positive,0.7798333168029785,0,0_dey_na_for_me,West Africa,Nigeria,Nigerian Pidgin,2026-05-21,118
oya over to them may the truth unveil followers dis na the time to know really truly sabi god,pcm,positive,0.7699869871139526,0,0_dey_na_for_me,West Africa,Nigeria,Nigerian Pidgin,2026-02-21,64
bros na pidgin we dey do for hia how di reception be like for your area,pcm,negative,0.6276951432228088,0,0_dey_na_for_me,West Africa,Nigeria,Nigerian Pidgin,2026-03-21,171
what is these peoples problem sef now now dey don form swat but our demand was taking a process shey we are a joke to them in short ehn ‍️‍️ did we say we want change of name ni ‍️,pcm,negative,0.8981539607048035,0,0_dey_na_for_me,West Africa,Nigeria,Nigerian Pidgin,2026-01-22,236
i dey from owerri imo state resume work on monday morning for anambra state sef,pcm,negative,0.6391561627388,0,0_dey_na_for_me,West Africa,Nigeria,Nigerian Pidgin,2026-08-28,329
buh seriously u quick dey vex small things paar dem don slap bf,pcm,negative,0.853427529335022,0,0_dey_na_for_me,West Africa,Nigeria,Nigerian Pidgin,2026-05-02,453
omo rapture don take place ooo fuckif maleria dey catch u u go say na rapturego take ur drugs,pcm,negative,0.7899785041809082,0,0_dey_na_for_me,West Africa,Nigeria,Nigerian Pidgin,2026-01-05,356
e dey brag his yeye dey smell,pcm,negative,0.5867892503738403,0,0_dey_na_for_me,West Africa,Nigeria,Nigerian Pidgin,2026-03-16,121
we just dey start and you don already dey lose concentration you for jazz up ooo,pcm,positive,0.5143852829933167,0,0_dey_na_for_me,West Africa,Nigeria,Nigerian Pidgin,2026-04-28,259
i had to get drunk on chivita that night told her few months back sha as we all don age up i guess she regrets it but now na dem dey rush us,pcm,negative,0.7568106055259705,0,0_dey_na_for_me,West Africa,Nigeria,Nigerian Pidgin,2026-01-20,98
almost every nigerian man need to watch and understand this nor be to dey knack and last longe dey touch the gspot pls tag ur bae and male frnds to watch,pcm,negative,0.6852237582206726,1,1_nigeria_dey_nigerian_im,West Africa,Nigeria,Nigerian Pidgin,2026-07-29,136
‍ you don finish you don finish dis guy,pcm,negative,0.5509249567985535,0,0_dey_na_for_me,West Africa,Nigeria,Nigerian Pidgin,2026-05-10,154
so doctor said the back pain is cos of my driving up and down my nice driver travelled and since then i have been driving when will this patient and nice driver come back na please no vex incase i don offend you cant imagine trying to get another driver now ooo,pcm,negative,0.8473366498947144,0,0_dey_na_for_me,West Africa,Nigeria,Nigerian Pidgin,2026-04-26,386
d demon na for him preeq e dey,pcm,negative,0.7842392325401306,0,0_dey_na_for_me,West Africa,Nigeria,Nigerian Pidgin,2026-03-10,360
shall we take a short commercial break laugh with me abeg but seriously smelling nice doesnt cost much fragrance scentuary has made it quite affordable dont forget our perfumes are original if you find it expensive elsewhere na because of how dem buy their own,pcm,negative,0.6741997003555298,0,0_dey_na_for_me,West Africa,Nigeria,Nigerian Pidgin,2026-04-10,423
chei you dey show today i dey wait you oo,pcm,positive,0.7080618739128113,0,0_dey_na_for_me,West Africa,Nigeria,Nigerian Pidgin,2026-02-23,431
las las obi cubana no get female friend wey dey spray money all of them just fold hands dey do like fowl,pcm,negative,0.8869284391403198,0,0_dey_na_for_me,West Africa,Nigeria,Nigerian Pidgin,2026-08-23,316
are u mad i no be e teammate but i dey vex for here after are that brilliant team work,pcm,negative,0.6438196301460266,0,0_dey_na_for_me,West Africa,Nigeria,Nigerian Pidgin,2026-08-27,79
asked my friend the difference between yakubu and aiyegbeni when we were in med school and he said that aiyegbeni na bad guy o e dey score gan but i no like yakubu e too dey trowey goal i gave up on him that day,pcm,negative,0.762830913066864,0,0_dey_na_for_me,West Africa,Nigeria,Nigerian Pidgin,2026-02-23,370
na girls wey give us head we dey wash their pants,pcm,negative,0.4982689619064331,0,0_dey_na_for_me,West Africa,Nigeria,Nigerian Pidgin,2026-01-20,79
air peace don delay my flight ️ for more than hours na their logo i been wan post yab dem before i just control myself cus i dey hear people dey shout calm down inside my head benin nigeria,pcm,negative,0.8582331538200378,1,1_nigeria_dey_nigerian_im,West Africa,Nigeria,Nigerian Pidgin,2026-05-29,499
to be last born ehna crime these ones don turn me to house boy igwe unijos like me,pcm,negative,0.8574987053871155,0,0_dey_na_for_me,West Africa,Nigeria,Nigerian Pidgin,2026-01-24,126
when u are not sure of why u are on tweeter the next tin na to dey cause person u way ur own never better wey dey look for partner o gor gan,pcm,negative,0.8348046541213989,0,0_dey_na_for_me,West Africa,Nigeria,Nigerian Pidgin,2026-02-06,370
na politician wey protest na we go vote for period,pcm,negative,0.7885267734527588,0,0_dey_na_for_me,West Africa,Nigeria,Nigerian Pidgin,2026-07-11,167
god abeg make e end before e reach delta and cross river,pcm,positive,0.8371457457542419,0,0_dey_na_for_me,West Africa,Nigeria,Nigerian Pidgin,2026-05-15,308
price oandg consultation k una don suffer for here nd time im experiencing it nd time im walking them out of my office i tried educating and na still argument ok now can you please leave my office i have other important things to attend to,pcm,negative,0.783626139163971,0,0_dey_na_for_me,West Africa,Nigeria,Nigerian Pidgin,2026-03-09,267
tmt dey buy match dont tell me nothing if dem try this for the main event we go riot,pcm,negative,0.8137933015823364,0,0_dey_na_for_me,West Africa,Nigeria,Nigerian Pidgin,2026-04-03,178
i fit even use my profit enter airplane go meet them wherever they are so far they are within nigeria,pcm,negative,0.6492825746536255,1,1_nigeria_dey_nigerian_im,West Africa,Nigeria,Nigerian Pidgin,2026-02-03,82
you de tell me make i buy land for country wey i no even wan de,pcm,negative,0.762723982334137,0,0_dey_na_for_me,West Africa,Nigeria,Nigerian Pidgin,2026-06-04,120
abeg who don fine don fine‍️‍️‍️‍️ alayabiagba street ajegunle apapa lagos,pcm,negative,0.8980016708374023,0,0_dey_na_for_me,West Africa,Nigeria,Nigerian Pidgin,2026-07-29,167
disadvantage of living in lekki estates no sallah meat cos me and my neighbors just say hi to eachother some of us dont even talk but if to say na when i dey stay aguda for lere haaaa ileya don set cos we go dey uncle kola compound dey turn up i miss lere,pcm,negative,0.9002273082733154,0,0_dey_na_for_me,West Africa,Nigeria,Nigerian Pidgin,2026-06-11,489
alcacer we all know david de gea has de worst defense in de league how do you expect him to keep clean sheets,pcm,negative,0.8582501411437988,0,0_dey_na_for_me,West Africa,Nigeria,Nigerian Pidgin,2026-05-11,96
biko how do people get suspended and locked out of their accounts on this app wetin gass occur make i know how i take dey waka here,pcm,negative,0.8428754806518555,0,0_dey_na_for_me,West Africa,Nigeria,Nigerian Pidgin,2026-03-13,132
the kind blow wey i wan blow no be punch na explosion kind thing,pcm,negative,0.8536778092384338,0,0_dey_na_for_me,West Africa,Nigeria,Nigerian Pidgin,2026-08-16,499
you drip finish dey talk about respect over money let the money comot fess,pcm,negative,0.5670013427734375,0,0_dey_na_for_me,West Africa,Nigeria,Nigerian Pidgin,2026-01-29,488
u still dey laugh na,pcm,positive,0.647975504398346,0,0_dey_na_for_me,West Africa,Nigeria,Nigerian Pidgin,2026-06-30,373
i nor dey beg am i dey tell ame nor fit oppose sef,pcm,negative,0.6956353783607483,0,0_dey_na_for_me,West Africa,Nigeria,Nigerian Pidgin,2026-04-04,52
calabar don comot theretheir body don calm down,pcm,negative,0.8512094616889954,0,0_dey_na_for_me,West Africa,Nigeria,Nigerian Pidgin,2026-03-01,84
shebi na me wey ask,pcm,negative,0.5926973223686218,0,0_dey_na_for_me,West Africa,Nigeria,Nigerian Pidgin,2026-05-08,492
bro wey sabi,pcm,negative,0.6214713454246521,0,0_dey_na_for_me,West Africa,Nigeria,Nigerian Pidgin,2026-08-18,336
benin don cast walai see wetin dey sup broad daylight and dem even dey record am tueeehhh,pcm,negative,0.7929714918136597,0,0_dey_na_for_me,West Africa,Nigeria,Nigerian Pidgin,2026-08-13,52
ofeakwu scarce for this benin oo howfar na make i come for this weekend na please,pcm,positive,0.6199522018432617,0,0_dey_na_for_me,West Africa,Nigeria,Nigerian Pidgin,2026-05-05,100
na now dem dey do praise and worship,pcm,negative,0.7065679430961609,0,0_dey_na_for_me,West Africa,Nigeria,Nigerian Pidgin,2026-04-11,196
be happy infront of people that hates you e get why because e dey pain them‍️,pcm,positive,0.6173129677772522,0,0_dey_na_for_me,West Africa,Nigeria,Nigerian Pidgin,2026-01-07,77
me i don taya for the car sef na every tuesday e dey spoil,pcm,negative,0.5582537651062012,0,0_dey_na_for_me,West Africa,Nigeria,Nigerian Pidgin,2026-02-10,75
sorry babe so na wetin de chop your money be that,pcm,negative,0.5054355263710022,0,0_dey_na_for_me,West Africa,Nigeria,Nigerian Pidgin,2026-01-01,406
all this girls for this office go still dey pamper me like say i still be baby them no knw say i fit gv them belle bt i dey enjoy am sha,pcm,negative,0.5952301621437073,0,0_dey_na_for_me,West Africa,Nigeria,Nigerian Pidgin,2026-05-06,154
make una nor go sell una vote o vote pdp,pcm,negative,0.8240397572517395,0,0_dey_na_for_me,West Africa,Nigeria,Nigerian Pidgin,2026-06-24,375
na the remaining k you dey find dey make you say whew mtsheww,pcm,negative,0.7468559145927429,0,0_dey_na_for_me,West Africa,Nigeria,Nigerian Pidgin,2026-04-26,152
some no just sabi put points forward without throwing insults dem go say na bants,pcm,negative,0.9009402990341187,0,0_dey_na_for_me,West Africa,Nigeria,Nigerian Pidgin,2026-04-14,222
nipples be like belly buttons to south american girlsdem no care if you dey see am sef,pcm,negative,0.8425078392028809,0,0_dey_na_for_me,West Africa,Nigeria,Nigerian Pidgin,2026-03-19,140
abeg rest for the matta who dey chop dey continue dey chop see the simple question she cannot answer,pcm,negative,0.763576328754425,0,0_dey_na_for_me,West Africa,Nigeria,Nigerian Pidgin,2026-07-06,100
which one i wan use dey press breast,pcm,negative,0.7176628112792969,0,0_dey_na_for_me,West Africa,Nigeria,Nigerian Pidgin,2026-02-06,55
person way chop ordinary slap e rush go dubai,pcm,negative,0.7846254706382751,0,0_dey_na_for_me,West Africa,Nigeria,Nigerian Pidgin,2026-04-17,326
its another new day wear new look try dey enjoy problem no dey finish oo alaso yi ti de ooo please if my hawking crosses your timeline kindly retweet please,pcm,positive,0.8314074873924255,0,0_dey_na_for_me,West Africa,Nigeria,Nigerian Pidgin,2026-03-30,466
lol checking different ig and whatsapp status this morning made me realize that i ought to really be going out enjoying clubbing and doing everything my age but then i remembered say na money dem dey use do those kain things,pcm,negative,0.7619386315345764,0,0_dey_na_for_me,West Africa,Nigeria,Nigerian Pidgin,2026-04-07,54
the work my mama gimme today you go think say she don mean me like say she set trap for me as i no dey come house work continues tomorrow i don tire abeg,pcm,negative,0.8159660696983337,0,0_dey_na_for_me,West Africa,Nigeria,Nigerian Pidgin,2026-03-22,143
i dey enerhen junction nothing dey happen,pcm,negative,0.8136305809020996,0,0_dey_na_for_me,West Africa,Nigeria,Nigerian Pidgin,2026-01-31,105
shebi dem dey gbe omu e senu me i dey here cold wan kee me,pcm,negative,0.8610683679580688,0,0_dey_na_for_me,West Africa,Nigeria,Nigerian Pidgin,2026-08-04,453
na for where we go settle matter naim person slap me for eye i no see who slap me me sef con slap the short man wey dey my side i no know say na soldier we don dey drive go barracks like this,pcm,negative,0.8521918654441833,0,0_dey_na_for_me,West Africa,Nigeria,Nigerian Pidgin,2026-03-26,198
see wetin chelsea dey cause arsenal fans dey yab me buy better striker we no buy,pcm,negative,0.8696550130844116,0,0_dey_na_for_me,West Africa,Nigeria,Nigerian Pidgin,2026-01-01,237
shey you people the small vendor delivery issue or ig vendor palava una go don vex finish go con calm down for paying milli with no result e joor now,pcm,negative,0.8499380350112915,0,0_dey_na_for_me,West Africa,Nigeria,Nigerian Pidgin,2026-03-25,17
lmaooo see how they remove d man head we no dey kidnap am na,pcm,negative,0.9015306234359741,0,0_dey_na_for_me,West Africa,Nigeria,Nigerian Pidgin,2026-07-12,6
new body who this na wetin dey shak am who wouldnt it shak,pcm,negative,0.5208043456077576,0,0_dey_na_for_me,West Africa,Nigeria,Nigerian Pidgin,2026-03-28,204
you quick dey vex sha,pcm,positive,0.7679994702339172,0,0_dey_na_for_me,West Africa,Nigeria,Nigerian Pidgin,2026-08-03,437
una sure say this girl na really asian or na igbo girl,pcm,negative,0.649782657623291,0,0_dey_na_for_me,West Africa,Nigeria,Nigerian Pidgin,2026-04-12,404
i dey chop with ube,pcm,positive,0.596043586730957,0,0_dey_na_for_me,West Africa,Nigeria,Nigerian Pidgin,2026-01-31,223
and then you go ahead and fuck him because the thing dey sweet man as e dey sweet woman,pcm,positive,0.9479718804359436,0,0_dey_na_for_me,West Africa,Nigeria,Nigerian Pidgin,2026-08-29,355
nengi na spec abeg,pcm,neutral,0.6840249300003052,0,0_dey_na_for_me,West Africa,Nigeria,Nigerian Pidgin,2026-08-26,113
all d chairman make he dey call him self since na for mouth make he nor try me ooh nor send oh na d cc he dey bet so,pcm,negative,0.8925603628158569,0,0_dey_na_for_me,West Africa,Nigeria,Nigerian Pidgin,2026-02-20,256
u say what haunty wetin dey occur,pcm,negative,0.7608223557472229,0,0_dey_na_for_me,West Africa,Nigeria,Nigerian Pidgin,2026-07-02,323
have you heard of make you no just dull yourself when you see say the stop for your domot because plenty goodies dey wey e dey carry waka meanwhile rush down to faith road off ikot ekpene road in uyo now now everywhere you go,pcm,negative,0.7997485995292664,0,0_dey_na_for_me,West Africa,Nigeria,Nigerian Pidgin,2026-01-04,151
you dey congratulate obo and chioma but if them give you belle you go run go comot am your head dey reject congratulation,pcm,positive,0.934884786605835,0,0_dey_na_for_me,West Africa,Nigeria,Nigerian Pidgin,2026-08-19,237
who sent this ones i heard dis guy didnt survive dis,pcm,negative,0.7739613652229309,0,0_dey_na_for_me,West Africa,Nigeria,Nigerian Pidgin,2026-07-09,11
na the authenticity of the steth wey dey your neck go cause fight,pcm,negative,0.6830946803092957,0,0_dey_na_for_me,West Africa,Nigeria,Nigerian Pidgin,2026-03-16,72
this overnight knacks pack topic dey remind me of bb of years ago lmao e get babe wey threaten soak my guy shirt and jean inside water make e no run,pcm,negative,0.8268152475357056,0,0_dey_na_for_me,West Africa,Nigeria,Nigerian Pidgin,2026-03-06,131
when you don comot the whole thing from body you go con consider say knacks no worth abj house rent,pcm,negative,0.9130411744117737,0,0_dey_na_for_me,West Africa,Nigeria,Nigerian Pidgin,2026-04-06,309
why una dey rush person sef let them be,pcm,negative,0.8871073722839355,0,0_dey_na_for_me,West Africa,Nigeria,Nigerian Pidgin,2026-01-17,377
dem dey look the guy less less now nah no wahala nah condition make crayfish bend,pcm,negative,0.9044401049613953,0,0_dey_na_for_me,West Africa,Nigeria,Nigerian Pidgin,2026-04-11,207
liquorlions are we voting cus e be like say na only me dey vote o,pcm,negative,0.7720809578895569,0,0_dey_na_for_me,West Africa,Nigeria,Nigerian Pidgin,2026-04-10,2
na true o na green and e get net,pcm,positive,0.5775362849235535,0,0_dey_na_for_me,West Africa,Nigeria,Nigerian Pidgin,2026-08-11,379
people don register d name now since u don create d awareness,pcm,positive,0.5530467629432678,0,0_dey_na_for_me,West Africa,Nigeria,Nigerian Pidgin,2026-05-31,124
yes na i know before o sebi i dey talk am say shoprite for sa na like pharmacy na we dey hype am for here people dey think say na them build the malls,pcm,negative,0.8407870531082153,0,0_dey_na_for_me,West Africa,Nigeria,Nigerian Pidgin,2026-01-20,464
as we dey hustle dey go hustle in d summer my money is almost up on d winter we rest for d,pcm,negative,0.5385944247245789,0,0_dey_na_for_me,West Africa,Nigeria,Nigerian Pidgin,2026-04-03,436
them no dey gist person about eplna to experience am,pcm,negative,0.653434693813324,0,0_dey_na_for_me,West Africa,Nigeria,Nigerian Pidgin,2026-08-25,220
nawa ó na epistle dem dey pick for ebuka to read,pcm,negative,0.6027460694313049,0,0_dey_na_for_me,West Africa,Nigeria,Nigerian Pidgin,2026-04-20,358
na only baes you dey reply,pcm,negative,0.5331575870513916,0,0_dey_na_for_me,West Africa,Nigeria,Nigerian Pidgin,2026-07-13,293
these people na heavenly places dem dey decor for oh wen our power reach we go contact them for now lets manage our road side decor sellers,pcm,negative,0.8958399891853333,0,0_dey_na_for_me,West Africa,Nigeria,Nigerian Pidgin,2026-03-12,300
yo girlfriend disrespects yo friends yet you go ahead to marry herna u sabi,pcm,positive,0.754129946231842,0,0_dey_na_for_me,West Africa,Nigeria,Nigerian Pidgin,2026-08-07,383
man nor dey fine we dey dey good looking ni,pcm,positive,0.6888322830200195,0,0_dey_na_for_me,West Africa,Nigeria,Nigerian Pidgin,2026-01-13,331
nai i wan just talkordinary selfcon for here you go wan donate organ first to afford am,pcm,negative,0.5529420375823975,0,0_dey_na_for_me,West Africa,Nigeria,Nigerian Pidgin,2026-03-13,215
make btc reach k fez e get wetin i wan check,pcm,negative,0.7987776398658752,0,0_dey_na_for_me,West Africa,Nigeria,Nigerian Pidgin,2026-01-27,433
oya if na so i wan do marriage make una send una gifts,pcm,positive,0.49466779828071594,0,0_dey_na_for_me,West Africa,Nigeria,Nigerian Pidgin,2026-01-14,117
i wan know e dey reject my gt,pcm,positive,0.6798965930938721,0,0_dey_na_for_me,West Africa,Nigeria,Nigerian Pidgin,2026-08-02,341
please my birthday is on the th of january please spoil me abeg abeg,pcm,positive,0.9552150964736938,0,0_dey_na_for_me,West Africa,Nigeria,Nigerian Pidgin,2026-06-19,369
some pipu hypocrisies dey stink fine u dont like rosie bt she postd pics of herself in cegar brand wear instead of u at list b happy d patronageuna stil dey spill billes bout her in d wears oloun some pipu hearts na hatred fulam notin u can do please em,pcm,positive,0.5482190847396851,0,0_dey_na_for_me,West Africa,Nigeria,Nigerian Pidgin,2026-03-15,334
just try and shift her womb to the side wey twins dey,pcm,negative,0.6090980172157288,0,0_dey_na_for_me,West Africa,Nigeria,Nigerian Pidgin,2026-06-12,450
when he was buying watches worth millions and claim he is a compere una no reason am say maybe na him dey pick up for hushpuppi,pcm,negative,0.8856662511825562,0,0_dey_na_for_me,West Africa,Nigeria,Nigerian Pidgin,2026-08-28,449
thanksi wan swag small abeg,pcm,negative,0.5666795969009399,0,0_dey_na_for_me,West Africa,Nigeria,Nigerian Pidgin,2026-02-08,396
baba god you sabi as e be for my heart oo abeg bless your boy,pcm,positive,0.8886563181877136,0,0_dey_na_for_me,West Africa,Nigeria,Nigerian Pidgin,2026-03-05,328
im trying to get back in shape for a groomsman duty later in the month but this dumbbells don dey make body pain me omo i no do again if the suit like make a no fit i no fit kill myself,pcm,negative,0.7781312465667725,0,0_dey_na_for_me,West Africa,Nigeria,Nigerian Pidgin,2026-03-10,358
wahala for donald trump warri nigeria,pcm,negative,0.905867338180542,1,1_nigeria_dey_nigerian_im,West Africa,Nigeria,Nigerian Pidgin,2026-04-22,298
just dey look e get why china man,pcm,negative,0.6151679158210754,0,0_dey_na_for_me,West Africa,Nigeria,Nigerian Pidgin,2026-05-11,436
oga facebook sharer chief executive officer of the forwarding committee i hail ohhh have you listened to kod na picture dey make una shake like this,pcm,negative,0.7164331078529358,0,0_dey_na_for_me,West Africa,Nigeria,Nigerian Pidgin,2026-03-22,117
omo when don baba j go bless me like did i get frame i get twitter i get vbank na only send me your account remain god abeg do am for your boy,pcm,positive,0.7207539081573486,0,0_dey_na_for_me,West Africa,Nigeria,Nigerian Pidgin,2026-02-18,347
lautech na school infact na sudan while unilorin na usa proud alunmi of unilorin,pcm,negative,0.6743718385696411,0,0_dey_na_for_me,West Africa,Nigeria,Nigerian Pidgin,2026-07-17,92
e dey take full village to take care of pikin as usual go soon pop up untop wit me so pin i dey test u,pcm,negative,0.7657315731048584,0,0_dey_na_for_me,West Africa,Nigeria,Nigerian Pidgin,2026-04-06,328
to return the brideprice she paid on your head or for new wife wey you dey plan go marry,pcm,positive,0.6470943093299866,0,0_dey_na_for_me,West Africa,Nigeria,Nigerian Pidgin,2026-07-20,63
this days you no fit actually differentiate who actually get money and who dey broke true true all of una dey use una papa catch cruise,pcm,negative,0.8266497254371643,0,0_dey_na_for_me,West Africa,Nigeria,Nigerian Pidgin,2026-04-20,232
hold god strong oo cus babalawo wey dey do charm for u fit las las repent leave u stranded happy sunday all,pcm,positive,0.6681506037712097,0,0_dey_na_for_me,West Africa,Nigeria,Nigerian Pidgin,2026-08-15,221
bros comot cap make small breeze way dey carry sense enta ya head small,pcm,negative,0.8124688863754272,0,0_dey_na_for_me,West Africa,Nigeria,Nigerian Pidgin,2026-01-08,160
na daddy wey dey sell sugar,pcm,positive,0.8630411624908447,0,0_dey_na_for_me,West Africa,Nigeria,Nigerian Pidgin,2026-07-27,133
motun i need una team to brag with dis per ooo,pcm,positive,0.5862919092178345,0,0_dey_na_for_me,West Africa,Nigeria,Nigerian Pidgin,2026-07-14,321
akporsa beg tlk trueif wnjaarku na ur brodau go stll allw amdey speak engradiobc we im brodas wen write petitionbrila,pcm,negative,0.8382470607757568,0,0_dey_na_for_me,West Africa,Nigeria,Nigerian Pidgin,2026-06-11,358
this guy inside benz almost brushed my side i don frown face say i wan do small tout for the guy driver smiling devishly og no vex you sef go buy moerow winks teeth im so happy right now but wait fes whats moerow,pcm,negative,0.5731801986694336,0,0_dey_na_for_me,West Africa,Nigeria,Nigerian Pidgin,2026-04-13,50
i get toyota spider oh i dey drive nissan hover i dey drive camry i dey drive durano eh god o,pcm,negative,0.6994197964668274,0,0_dey_na_for_me,West Africa,Nigeria,Nigerian Pidgin,2026-08-22,458
this guywe never really ready for wetin you wan do for this app my man,pcm,positive,0.698205292224884,0,0_dey_na_for_me,West Africa,Nigeria,Nigerian Pidgin,2026-08-13,214
e get some wey dey my kitchen now like this wey my mumcy buy from effurun market,pcm,negative,0.7106056809425354,0,0_dey_na_for_me,West Africa,Nigeria,Nigerian Pidgin,2026-08-29,124
you no dey post your trekking record again baba don tire to dey trek,pcm,negative,0.7515165209770203,0,0_dey_na_for_me,West Africa,Nigeria,Nigerian Pidgin,2026-05-22,400
you wey get money wey bank dey tamper your own good my dear,pcm,positive,0.9229215979576111,0,0_dey_na_for_me,West Africa,Nigeria,Nigerian Pidgin,2026-05-21,204
tell am say i dey and im from maiduguri and i sabi shoot gun,pcm,negative,0.5883936285972595,0,0_dey_na_for_me,West Africa,Nigeria,Nigerian Pidgin,2026-02-22,365
lmfao una still dey fight since morning im in pain for my guess,pcm,negative,0.7717158198356628,0,0_dey_na_for_me,West Africa,Nigeria,Nigerian Pidgin,2026-07-04,364
sis na wetin ‍️,pcm,negative,0.755754828453064,0,0_dey_na_for_me,West Africa,Nigeria,Nigerian Pidgin,2026-01-21,322
e better be o cause all my ego na for you na there e dey o,pcm,positive,0.5568907260894775,0,0_dey_na_for_me,West Africa,Nigeria,Nigerian Pidgin,2026-01-13,80
world people dem una nor go tell the gurl the truthyou dem form good person here look at you too naaa i nor know ur gain on what she did ohhhor are too in same world,pcm,negative,0.7568277716636658,0,0_dey_na_for_me,West Africa,Nigeria,Nigerian Pidgin,2026-08-27,128
u dey vex thunder fall on u,pcm,negative,0.613627552986145,0,0_dey_na_for_me,West Africa,Nigeria,Nigerian Pidgin,2026-07-07,434
simplena dem go come the beg u to do somethingna the style wey i go use,pcm,negative,0.5979694128036499,0,0_dey_na_for_me,West Africa,Nigeria,Nigerian Pidgin,2026-04-16,216
man wey sabi wey mean well for im people that man na,pcm,negative,0.5629647970199585,0,0_dey_na_for_me,West Africa,Nigeria,Nigerian Pidgin,2026-04-26,247
lmao oya na motivate how the goat go take survive na na una,pcm,negative,0.49772635102272034,0,0_dey_na_for_me,West Africa,Nigeria,Nigerian Pidgin,2026-06-07,233
few seconds into d video i don already dey see meatpie,pcm,negative,0.8277871608734131,0,0_dey_na_for_me,West Africa,Nigeria,Nigerian Pidgin,2026-07-12,10
thanks broabeg nor vex,pcm,positive,0.8646664023399353,0,0_dey_na_for_me,West Africa,Nigeria,Nigerian Pidgin,2026-02-05,318
shuu wetin concern you concern the belle now nor dey lose focus oh,pcm,negative,0.7549721002578735,0,0_dey_na_for_me,West Africa,Nigeria,Nigerian Pidgin,2026-06-14,439
una wn folo me dog my pikin name prsn go wound o,pcm,negative,0.6669008135795593,0,0_dey_na_for_me,West Africa,Nigeria,Nigerian Pidgin,2026-08-11,209
apc abeg na joke emperor of rivers dey o coro never go finish o make una social distancing abeg,pcm,negative,0.5769400000572205,0,0_dey_na_for_me,West Africa,Nigeria,Nigerian Pidgin,2026-03-15,265
wetin i do now na say i show you wetin my eye see na bad thing,pcm,negative,0.6397672891616821,0,0_dey_na_for_me,West Africa,Nigeria,Nigerian Pidgin,2026-05-05,345
im very sure say mobile police officers wey dey nigeria of dem na escorts for anambra state for this christmas ‍️,pcm,negative,0.8891704082489014,1,1_nigeria_dey_nigerian_im,West Africa,Nigeria,Nigerian Pidgin,2026-01-13,338
was dem don lock am who unlock am sef me i no dey see road again oh,pcm,negative,0.88498854637146,0,0_dey_na_for_me,West Africa,Nigeria,Nigerian Pidgin,2026-08-22,476
today on the news we have been directed to let you know ampiclox no dey comot belle its an antibiotic which should be used only when needed and prescribed for you to avoid antimicrobial resistance it is not a contraceptive biko thank you,pcm,negative,0.7547182440757751,0,0_dey_na_for_me,West Africa,Nigeria,Nigerian Pidgin,2026-08-26,446
lolna u sabi dat goat,pcm,negative,0.5977923274040222,0,0_dey_na_for_me,West Africa,Nigeria,Nigerian Pidgin,2026-05-21,93
na money dem dey find na,pcm,negative,0.8930268287658691,0,0_dey_na_for_me,West Africa,Nigeria,Nigerian Pidgin,2026-02-02,457
person never play ball them don dey imagine am best,pcm,negative,0.6593475341796875,0,0_dey_na_for_me,West Africa,Nigeria,Nigerian Pidgin,2026-02-13,335
i never chop belle full na,pcm,positive,0.6199305057525635,0,0_dey_na_for_me,West Africa,Nigeria,Nigerian Pidgin,2026-05-01,167
come make dem check that klaus guy oh this one him cheek dey red,pcm,negative,0.8066304922103882,0,0_dey_na_for_me,West Africa,Nigeria,Nigerian Pidgin,2026-04-17,398
if rapture happens now person wey do dz im sure na hell fire e dey go,pcm,negative,0.8532074093818665,0,0_dey_na_for_me,West Africa,Nigeria,Nigerian Pidgin,2026-03-29,5
o ya i don retweet make i chop your money for the first time,pcm,positive,0.8272096514701843,0,0_dey_na_for_me,West Africa,Nigeria,Nigerian Pidgin,2026-03-14,199
anti trump syndrome is realbaba when trump wins you should come back to me with an award pleaseno empty handed acceptance biko na late we dey so dey stare at for front,pcm,negative,0.8726999759674072,0,0_dey_na_for_me,West Africa,Nigeria,Nigerian Pidgin,2026-03-18,425
kaiiii na segun de cause this thing oo you de make people think say i get money i need cash now see oga deola de scope me god de,pcm,negative,0.8159633278846741,0,0_dey_na_for_me,West Africa,Nigeria,Nigerian Pidgin,2026-03-07,250
may almighty god keep protecting our beloved mothers if i ask her i wan something den she go said go nd take it lyk im d only son she has love u momma,pcm,positive,0.6748691201210022,0,0_dey_na_for_me,West Africa,Nigeria,Nigerian Pidgin,2026-07-09,464
tate mcrae makes songs for girls wey dem break their hearts,pcm,positive,0.6037437915802002,0,0_dey_na_for_me,West Africa,Nigeria,Nigerian Pidgin,2026-07-09,499
so my celing fan sliced my finger and i have to go dress it at a pharmacy but im so scared to leave my house na person wey dey alive wey fit treat finger,pcm,negative,0.7847778797149658,0,0_dey_na_for_me,West Africa,Nigeria,Nigerian Pidgin,2026-06-17,54
goodmorning my beautiful people of god take a minute to thank god for the gift of life na who dey alive dey hustle o stay blessed,pcm,positive,0.9480577111244202,0,0_dey_na_for_me,West Africa,Nigeria,Nigerian Pidgin,2026-03-08,19
how una take sabi each other where una dey see this sabi,pcm,positive,0.8036589026451111,0,0_dey_na_for_me,West Africa,Nigeria,Nigerian Pidgin,2026-04-14,128
bros abeg na that wey sabi dance don join our team so,pcm,positive,0.817517876625061,0,0_dey_na_for_me,West Africa,Nigeria,Nigerian Pidgin,2026-06-17,278
dem big breast with + cc cups na mm dem dey use na,pcm,negative,0.6305720210075378,0,0_dey_na_for_me,West Africa,Nigeria,Nigerian Pidgin,2026-03-03,111
wic kain holdup kon dey dis kubwa express like dis me im famished edakun,pcm,negative,0.793707549571991,0,0_dey_na_for_me,West Africa,Nigeria,Nigerian Pidgin,2026-03-19,82
why i dey chop by this time ‍️,pcm,negative,0.49409380555152893,0,0_dey_na_for_me,West Africa,Nigeria,Nigerian Pidgin,2026-05-04,366
na dem dey rush us was written by inspired men of god even the bible confirmed it long before we were born,pcm,positive,0.5347996950149536,0,0_dey_na_for_me,West Africa,Nigeria,Nigerian Pidgin,2026-05-23,400
lol people wey go drag person buh when you drag them back dem dey shout mental health mental health,pcm,negative,0.9134544134140015,0,0_dey_na_for_me,West Africa,Nigeria,Nigerian Pidgin,2026-06-21,487
me ògá wetin happen na where una dey run to with cutlass agbèrò we dey go mtn office we go burn am down today me haha wetin happen agbèrò you never hear say them dey kill xenophobia for sauti abi me,pcm,negative,0.9279191493988037,0,0_dey_na_for_me,West Africa,Nigeria,Nigerian Pidgin,2026-04-11,481
hanti ummie barca princess sorry for tagged you aging the responses de sweet me nee na oga u be,pcm,positive,0.9171567559242249,0,0_dey_na_for_me,West Africa,Nigeria,Nigerian Pidgin,2026-01-31,102
na the matter i dey with patience ozonkwo dey settle since yesterday,pcm,negative,0.7679054737091064,0,0_dey_na_for_me,West Africa,Nigeria,Nigerian Pidgin,2026-02-12,265
na for house him go hear am i go beat craze comot hin body,pcm,negative,0.8585600256919861,0,0_dey_na_for_me,West Africa,Nigeria,Nigerian Pidgin,2026-06-14,178
so dem wey their names shouldnt be mentioned came to a fuel station took nk fuel for two sienna and drove off in their words to the manager its your contribution to the struggle,pcm,negative,0.8459920287132263,0,0_dey_na_for_me,West Africa,Nigeria,Nigerian Pidgin,2026-02-11,51
ben arfa na petty g see as e pain presido,pcm,negative,0.8684704303741455,0,0_dey_na_for_me,West Africa,Nigeria,Nigerian Pidgin,2026-01-20,433
nobi the design be the koko na say e look my pictures run the measurements lidat,pcm,positive,0.6029103994369507,0,0_dey_na_for_me,West Africa,Nigeria,Nigerian Pidgin,2026-02-23,294
your avatar looks scary tho im sorry your eyes looks dark like the demons i see in supernatural series dont get offended pls im just saying what im seeing,pcm,positive,0.7963400483131409,0,0_dey_na_for_me,West Africa,Nigeria,Nigerian Pidgin,2026-05-09,233
you de carry me go bistro,pcm,positive,0.6987488269805908,0,0_dey_na_for_me,West Africa,Nigeria,Nigerian Pidgin,2026-08-20,277
i can relate make everyone dey hin corner,pcm,negative,0.5872973799705505,0,0_dey_na_for_me,West Africa,Nigeria,Nigerian Pidgin,2026-07-27,104
d way d bamteddy leo n some few dw exhousemates stay away from dis toxic reunion ehndey cant come n kee diasefleo is always on za street but u will never catch him talk anything about iti stan yall,pcm,negative,0.9152752757072449,0,0_dey_na_for_me,West Africa,Nigeria,Nigerian Pidgin,2026-05-08,367
omo na blank my captain dey so o,pcm,positive,0.8150482177734375,0,0_dey_na_for_me,West Africa,Nigeria,Nigerian Pidgin,2026-05-21,243
we dey run am this week oooo may tomorrow or thursday the bar dey with me sef,pcm,positive,0.6999233365058899,0,0_dey_na_for_me,West Africa,Nigeria,Nigerian Pidgin,2026-02-26,262
they way people are appointing theirselves to be commanders of spreading scaring news of this ehhhhaswear to god e dey tire me must you scare us all we sef they follow update now,pcm,positive,0.5214386582374573,0,0_dey_na_for_me,West Africa,Nigeria,Nigerian Pidgin,2026-04-26,8
oluwa wetin dey nakedwireate,pcm,positive,0.8254960179328918,0,0_dey_na_for_me,West Africa,Nigeria,Nigerian Pidgin,2026-08-21,327
forget relationship matter abeg na who dey alive dey toast girl,pcm,negative,0.839053213596344,0,0_dey_na_for_me,West Africa,Nigeria,Nigerian Pidgin,2026-03-27,405
doctor wey sabi gbas gbos,pcm,negative,0.8906216025352478,0,0_dey_na_for_me,West Africa,Nigeria,Nigerian Pidgin,2026-07-14,424
now oo dem fit vex score ooo,pcm,negative,0.8070462942123413,0,0_dey_na_for_me,West Africa,Nigeria,Nigerian Pidgin,2026-04-26,189
nah man wey dey reason dey scratch bear bear~ best birthday wishes to me kindly drop some kind words,pcm,positive,0.9437699913978577,0,0_dey_na_for_me,West Africa,Nigeria,Nigerian Pidgin,2026-04-20,267
when the happening guys wannna take a group pic bt you sef wan join,pcm,positive,0.627400279045105,0,0_dey_na_for_me,West Africa,Nigeria,Nigerian Pidgin,2026-02-05,175
boys dey hospital dey work salah meat just dey pass patient come and join me doctor me im fine maam thank you,pcm,negative,0.5725893378257751,0,0_dey_na_for_me,West Africa,Nigeria,Nigerian Pidgin,2026-05-21,210
wooo i dun tire to dey grind anything wey wan sup make e supp,pcm,negative,0.6030953526496887,0,0_dey_na_for_me,West Africa,Nigeria,Nigerian Pidgin,2026-02-19,379
na how i take snap am boss e big gan na k even k for some kitchen lidis o,pcm,negative,0.7765676379203796,0,0_dey_na_for_me,West Africa,Nigeria,Nigerian Pidgin,2026-03-04,485
na who dey alive dey work,pcm,negative,0.8314628601074219,0,0_dey_na_for_me,West Africa,Nigeria,Nigerian Pidgin,2026-01-24,233
werin dey buss my head na the way the guy no even dey stressed and he don collect like k chop him profit printer no dey pick call mans dey smoke cigar they sip him henny unphased me wey hin dey tell dey get mini panic attack,pcm,negative,0.909945547580719,0,0_dey_na_for_me,West Africa,Nigeria,Nigerian Pidgin,2026-02-14,107
those chicken no go don for their pots in jesus name ooo and if dem do stronghead eat am dem go purge from now reach december awon ole oloriburuku,pcm,negative,0.841397762298584,0,0_dey_na_for_me,West Africa,Nigeria,Nigerian Pidgin,2026-03-29,350
im currently in a situation were im being roasted by a and yrs old siblings they asked how old i was and i told them one said in shock and youre still short like this i go beat this children o if dem kan see chika nko lmaooooo,pcm,negative,0.8622528314590454,0,0_dey_na_for_me,West Africa,Nigeria,Nigerian Pidgin,2026-05-23,94
omo na only god know wetin this woman put for his chocolate pancake love just dey worry me since,pcm,positive,0.6611047983169556,0,0_dey_na_for_me,West Africa,Nigeria,Nigerian Pidgin,2026-01-24,200
brother don chop block,pcm,negative,0.5752925872802734,0,0_dey_na_for_me,West Africa,Nigeria,Nigerian Pidgin,2026-03-23,263
mixing and mastering is so damn stressfulyou fit just dey hear some kind breath underneat the recording who dey actually breeeett,pcm,negative,0.5540066957473755,0,0_dey_na_for_me,West Africa,Nigeria,Nigerian Pidgin,2026-03-03,390
u people said i should send a dm buh una lock una dm ‍️,pcm,negative,0.8595038652420044,0,0_dey_na_for_me,West Africa,Nigeria,Nigerian Pidgin,2026-04-05,477
when i dont have money i no dey at peace na why i dey sleep,pcm,negative,0.855216920375824,0,0_dey_na_for_me,West Africa,Nigeria,Nigerian Pidgin,2026-03-08,62
yes na oh pap is not ordinary abeg a girl dat cant prepare ordinary papsigh,pcm,negative,0.857184648513794,0,0_dey_na_for_me,West Africa,Nigeria,Nigerian Pidgin,2026-07-27,373
i won tell u somthing no tell anybody this thing i won tell u oo this money i mean this dollars u dy see so na my ownna me get am but i no won show my face but i go use am snap next monthno tell anybody ooo u be my tight friend na e make i just tell u this secrets,pcm,negative,0.7941839694976807,0,0_dey_na_for_me,West Africa,Nigeria,Nigerian Pidgin,2026-05-26,314
omo matter de ooo de count wizkid property they go count join omo just de vex ooo na d matter we de try settle,pcm,negative,0.8615773320198059,0,0_dey_na_for_me,West Africa,Nigeria,Nigerian Pidgin,2026-02-21,182
anon wey dey ment,pcm,negative,0.5133036971092224,0,0_dey_na_for_me,West Africa,Nigeria,Nigerian Pidgin,2026-08-16,326
you fit ask all the questions na,pcm,positive,0.8121265769004822,0,0_dey_na_for_me,West Africa,Nigeria,Nigerian Pidgin,2026-01-06,28
dem don remove e sense now,pcm,negative,0.8985803723335266,0,0_dey_na_for_me,West Africa,Nigeria,Nigerian Pidgin,2026-07-11,129
southern nigeria una dey hear,pcm,negative,0.818837583065033,1,1_nigeria_dey_nigerian_im,West Africa,Nigeria,Nigerian Pidgin,2026-08-11,140
na dem no wan finish onitsha enugu express way ‍️,pcm,negative,0.9083166718482971,0,0_dey_na_for_me,West Africa,Nigeria,Nigerian Pidgin,2026-04-16,195
werey o ni tie sef dey talk,pcm,negative,0.8475215435028076,0,0_dey_na_for_me,West Africa,Nigeria,Nigerian Pidgin,2026-04-09,204
my uncle wey promise me money don dey call me big man,pcm,positive,0.9098148941993713,0,0_dey_na_for_me,West Africa,Nigeria,Nigerian Pidgin,2026-04-16,31
abeg na wetin dem wan turn boss tobeast of all nation human beings are so impossibleabeg we need handles oothis should not slide oo,pcm,negative,0.9239612221717834,0,0_dey_na_for_me,West Africa,Nigeria,Nigerian Pidgin,2026-07-10,6
you sef know,pcm,positive,0.9345464706420898,0,0_dey_na_for_me,West Africa,Nigeria,Nigerian Pidgin,2026-05-15,38
una don see this shit why cow dey enjoy fan nigerian dey suffer,pcm,negative,0.825550377368927,1,1_nigeria_dey_nigerian_im,West Africa,Nigeria,Nigerian Pidgin,2026-02-23,214
you don buy your ticket for s wey go shellle by pm for delta mall,pcm,positive,0.8285976052284241,0,0_dey_na_for_me,West Africa,Nigeria,Nigerian Pidgin,2026-04-07,468
i nor know whether na same dm we dey use,pcm,negative,0.7941229939460754,0,0_dey_na_for_me,West Africa,Nigeria,Nigerian Pidgin,2026-03-11,215
wahala chairman don vex,pcm,negative,0.8920018076896667,0,0_dey_na_for_me,West Africa,Nigeria,Nigerian Pidgin,2026-03-28,321
wetin dis govt don fund abeg,pcm,negative,0.9128479361534119,0,0_dey_na_for_me,West Africa,Nigeria,Nigerian Pidgin,2026-07-12,357
thanks but na adult dey play for there abi na children,pcm,positive,0.931202232837677,0,0_dey_na_for_me,West Africa,Nigeria,Nigerian Pidgin,2026-01-16,345
lmfaooooo fine face wey be sey bola wey dey sell bread for yaba get,pcm,positive,0.6631024479866028,0,0_dey_na_for_me,West Africa,Nigeria,Nigerian Pidgin,2026-05-08,180
oluwa wetin dey occur didnt he know his erect penis was out,pcm,negative,0.8671787977218628,0,0_dey_na_for_me,West Africa,Nigeria,Nigerian Pidgin,2026-03-13,297
any man wey dey look e girl whatsapp history and chat make he ready to buy paracetamol or boska,pcm,positive,0.6073670387268066,0,0_dey_na_for_me,West Africa,Nigeria,Nigerian Pidgin,2026-05-28,135
omo from their facial expressions dem know say e don be for dem,pcm,negative,0.8434318900108337,0,0_dey_na_for_me,West Africa,Nigeria,Nigerian Pidgin,2026-04-03,55
omo last time wey i do that thing the next morning e be like say i just commot for sars akwuzu walahi,pcm,negative,0.7971240878105164,0,0_dey_na_for_me,West Africa,Nigeria,Nigerian Pidgin,2026-02-02,114
she no go o make i come tell you where everything spoil as we reach hospital past pm them put am outside dey use hand fan dey fan am every mins and light been dey inside the hospital but because we no dey around them do the babe anyhow omo we tumble the hospital eh guy,pcm,negative,0.8998972177505493,0,0_dey_na_for_me,West Africa,Nigeria,Nigerian Pidgin,2026-06-25,155
abeg wetin you write,pcm,negative,0.5139126777648926,0,0_dey_na_for_me,West Africa,Nigeria,Nigerian Pidgin,2026-05-09,379
i just dey observe their stupidity dey laf,pcm,negative,0.6951912045478821,0,0_dey_na_for_me,West Africa,Nigeria,Nigerian Pidgin,2026-05-16,205
make una come i don die,pcm,positive,0.7835802435874939,0,0_dey_na_for_me,West Africa,Nigeria,Nigerian Pidgin,2026-06-11,481
people don dey find themselves from twitter oo and that ilorin where everyone knows everyone twitter drama can become real very fast,pcm,positive,0.7094677686691284,0,0_dey_na_for_me,West Africa,Nigeria,Nigerian Pidgin,2026-07-22,488
boys dont cry this weekend im so ecstatic,pcm,negative,0.5163761377334595,0,0_dey_na_for_me,West Africa,Nigeria,Nigerian Pidgin,2026-08-09,269
meet one our amazing volunteers of ascf my name is chizoba chidiobi im yrs old im a pharmacist an entrepreneur and a mother of im also a certified genetic counselor and a volunteer for ascf i,pcm,negative,0.5323318243026733,0,0_dey_na_for_me,West Africa,Nigeria,Nigerian Pidgin,2026-08-06,497
e dey lekki,pcm,positive,0.688596248626709,0,0_dey_na_for_me,West Africa,Nigeria,Nigerian Pidgin,2026-02-25,112
at least you have one me strechmark no dey booty no dey hope gaan no dey too,pcm,negative,0.6568261981010437,0,0_dey_na_for_me,West Africa,Nigeria,Nigerian Pidgin,2026-01-24,410
he wan dey use me catch cruise,pcm,negative,0.6828007698059082,0,0_dey_na_for_me,West Africa,Nigeria,Nigerian Pidgin,2026-03-11,491
as dey luciano now sheybi i for go catch money but i don chop overfeeding my dress no go fine well well,pcm,negative,0.6365225315093994,0,0_dey_na_for_me,West Africa,Nigeria,Nigerian Pidgin,2026-08-18,200
he bargained to be cbn governor na im own bag im dey tie,pcm,negative,0.8588332533836365,0,0_dey_na_for_me,West Africa,Nigeria,Nigerian Pidgin,2026-03-05,236
de don send me my own na i don download vbank since uba obuh simeon emeke,pcm,negative,0.8821236491203308,0,0_dey_na_for_me,West Africa,Nigeria,Nigerian Pidgin,2026-04-09,108
small beard wey i manage grow barber don commot am na wa,pcm,positive,0.5973591208457947,0,0_dey_na_for_me,West Africa,Nigeria,Nigerian Pidgin,2026-04-13,84
the mata tire me bros me sef confuse,pcm,negative,0.7402135133743286,0,0_dey_na_for_me,West Africa,Nigeria,Nigerian Pidgin,2026-06-15,66
between yesterday and today sef,pcm,positive,0.6069350242614746,0,0_dey_na_for_me,West Africa,Nigeria,Nigerian Pidgin,2026-04-25,475
whenever i recharge my mtn line at nyt is luke am sharing my remaining balance with dat woman wey dey talk ur account balance is too low for this call dial to borrow airtime rm mtn or dial to but airtime directly frm bank account thank you thank u kill u dia,pcm,negative,0.8619695901870728,0,0_dey_na_for_me,West Africa,Nigeria,Nigerian Pidgin,2026-04-21,397
i hear say na lasu old student write dat speech for cbn governor,pcm,negative,0.8840910792350769,0,0_dey_na_for_me,West Africa,Nigeria,Nigerian Pidgin,2026-03-21,35
lmao na so dem dey talk,pcm,negative,0.8805043697357178,0,0_dey_na_for_me,West Africa,Nigeria,Nigerian Pidgin,2026-08-06,414
na waitin pastor preach against i wan dey do now,pcm,negative,0.8322991132736206,0,0_dey_na_for_me,West Africa,Nigeria,Nigerian Pidgin,2026-07-28,408
lol im angry ill say we av work by pm on friday you go dey tell me say e too late for you to travel,pcm,positive,0.6084016561508179,0,0_dey_na_for_me,West Africa,Nigeria,Nigerian Pidgin,2026-08-12,324
but honestly the hype on this virus is too much more than the virus itself but guess what im a nigerian im safe i survived ebola i survived lassar ill survive corona too the same speed wey e use come na im e go use go no world is ending,pcm,negative,0.8991215229034424,1,1_nigeria_dey_nigerian_im,West Africa,Nigeria,Nigerian Pidgin,2026-01-06,98
make una help me ooo i deposit k inside my sportybet account since morning and then no fund my account na pending i dey see since morning,pcm,negative,0.6795647144317627,0,0_dey_na_for_me,West Africa,Nigeria,Nigerian Pidgin,2026-02-02,240
una don dey brag for out of sorts sheffield,pcm,negative,0.6426610946655273,0,0_dey_na_for_me,West Africa,Nigeria,Nigerian Pidgin,2026-01-09,328
vio don catch me police don catch me road safety don catch me lastma don catch me sometimes it is best to take public transport,pcm,negative,0.7642248272895813,0,0_dey_na_for_me,West Africa,Nigeria,Nigerian Pidgin,2026-04-19,287
   Mtakula kwanza ndiyo muende kwenye mabango au mtaendea kwenye mabango kabla ya kula ,swa,neutral,0.7434417009353638,0,0_ya_na_kwa_wa,East Africa,Kenya/Tanzania,Swahili,2026-07-01,369
We si ulisema utaenda kunya Chatombona kwenye location hatukioni kinyeo chako,swa,neutral,0.8839206099510193,0,0_ya_na_kwa_wa,East Africa,Kenya/Tanzania,Swahili,2026-07-15,115
tafadhali acha kisimbuzi chako wazi ili huduma iweze kurejea weka chaneli namba 206 na tufahamishe kama umepata picha tayariSalim,swa,neutral,0.7288703918457031,0,0_ya_na_kwa_wa,East Africa,Kenya/Tanzania,Swahili,2026-08-18,417
   Tangazo Mjadala wa Artificial Intelligence AI katika Chuo Kikuu cha Dar Es Salaam Januari 31 2020 Eneo Kampasi,swa,neutral,0.8488330841064453,0,0_ya_na_kwa_wa,East Africa,Kenya/Tanzania,Swahili,2026-07-25,493
   Tazama mshindi wa pili alivyokabidhiwa tuzo yake kwenye usiku wa tuzo kwa kampuni bora 100 za mitaji ya k,swa,neutral,0.7643137574195862,0,0_ya_na_kwa_wa,East Africa,Kenya/Tanzania,Swahili,2026-05-02,74
   Tunamalizia usajili wa darasa letu la Social Media Skills Social Media Marketing Kujisajili ni BURE na class itakua onli,swa,neutral,0.6506190299987793,-1,misc / outlier,East Africa,Kenya/Tanzania,Swahili,2026-05-31,180
 laki cjui unanunua nini,swa,neutral,0.6918092966079712,1,1_nini_na_sana_ni,East Africa,Kenya/Tanzania,Swahili,2026-05-06,341
 Netherland England UEFA Nations League Timu hizi zimekutana mara 33 England akishinda 14 Netherland 9 na sare 10 Nani ataungana na Portugal kwenye fainali  Bet uingie kwenye droo ya kushinda safari ya Nairobi,swa,neutral,0.6473672389984131,2,2_tanzania_ya_wa_kenya,East Africa,Kenya/Tanzania,Swahili,2026-01-01,327
   Mwisho wa Michongo Kibao Wowzi Inaileta Kama Una App nenda Kacheki Invitations Kuna Mchongo wa Netflix FB na wa Wowz,swa,neutral,0.84161776304245,-1,misc / outlier,East Africa,Kenya/Tanzania,Swahili,2026-01-19,425
Meli ya Mafuta ya Iran yashambuliwa Saudia Soma zaidi gtgt,swa,neutral,0.48136985301971436,0,0_ya_na_kwa_wa,East Africa,Kenya/Tanzania,Swahili,2026-04-11,419
Takriban watu 14 wamejeruhiwa baada ya mabehewa mawili ya treni ya abiria inayofanya safari kati ya stesheni na Pugu na stesheni kuu jijini dar es salaam kuacha njia ya reli na kuanguka Soma zaidi gtgt,swa,neutral,0.42718595266342163,0,0_ya_na_kwa_wa,East Africa,Kenya/Tanzania,Swahili,2026-08-27,407
   Mahusiano ya mbali yatadumu tu iwapo utakuwa unatuma pesa lakini kama hautumi pesa yatabaki kuwa historia,swa,neutral,0.7285110354423523,0,0_ya_na_kwa_wa,East Africa,Kenya/Tanzania,Swahili,2026-08-26,417
Wametumbuliwa Baada ya mzozo wa muda mredu Hatimaye Rais Dr John Magufuli ametengua uteuzi wa Mkuu wa Wilaya ya Malinyi na Mkurugenzi wa Halmashauri ya Wilaya ya Malinyi Hatua hiyo imekuja siku chache baada ya,swa,positive,0.449097603559494,-1,misc / outlier,East Africa,Kenya/Tanzania,Swahili,2026-08-26,211
   Hivyo ni vyema kujua kuhusu hili pia,swa,neutral,0.8107030391693115,1,1_nini_na_sana_ni,East Africa,Kenya/Tanzania,Swahili,2026-07-31,239
Pamoja sana tunakutakia wakati mwemaSalim,swa,neutral,0.5709198117256165,1,1_nini_na_sana_ni,East Africa,Kenya/Tanzania,Swahili,2026-05-16,150
DKT KALEMANI ATANGAZA NEEMA NYAMAGANA Veronica Simba  Mwanza Waziri wa Nishati Dkt Medard Kalemani ameliagiza Shirika la Umeme Tanzania TANESCO kuwaunganishia umeme wananchi wa mitaa 14 ya Kata ya,swa,neutral,0.46203115582466125,2,2_tanzania_ya_wa_kenya,East Africa,Kenya/Tanzania,Swahili,2026-08-07,389
UHURU MICHEZOFT Simba 21 AS VITA  13Kasenga 36Mohamed Hussein 90 Chama,swa,neutral,0.8958238959312439,-1,misc / outlier,East Africa,Kenya/Tanzania,Swahili,2026-04-30,280
Mkapa ameomba radhi kwa kutuita sisi wapumbavu na malofa,swa,neutral,0.7712283134460449,1,1_nini_na_sana_ni,East Africa,Kenya/Tanzania,Swahili,2026-04-25,332
   Poor drug adherence inafelisha sana watu wenye HIV amka Kunywa dawa kama ulivyoelekezwa na wataalamu,swa,neutral,0.5709540843963623,-1,misc / outlier,East Africa,Kenya/Tanzania,Swahili,2026-03-05,64
   Mc mwenye hekima anafikiri kabla ya kurap na Mc mpumbavu anarap apate nyapu legendary bars,swa,neutral,0.8862284421920776,1,1_nini_na_sana_ni,East Africa,Kenya/Tanzania,Swahili,2026-07-20,399
adamu mzinga pamoja sana tigo live itlove it,swa,neutral,0.810650646686554,3,3_tigo_huduma_na_sana,East Africa,Kenya/Tanzania,Swahili,2026-01-28,426
Habari pole sana kwa changamoto Tumeshaifunga namba hiyo,swa,neutral,0.7388678789138794,0,0_ya_na_kwa_wa,East Africa,Kenya/Tanzania,Swahili,2026-02-27,240
   Hatima yako itakuaje ni wewe mwenyewe ni kufanya maamuzi ili hatima yako isije ikawa mbaya hapo mbeleni usisubiri miujiza,swa,neutral,0.7959592342376709,0,0_ya_na_kwa_wa,East Africa,Kenya/Tanzania,Swahili,2026-02-09,181
Tafadhali rejea majibu katika kisanduku chako cha ujumbe inbox ya kwamba hakuna gharama yeyote pindi utakaponunua muda wa maongezi kwa kupitia huduma yetu ya SimBanking au SimBanking App Catherine,swa,neutral,0.4894274175167084,0,0_ya_na_kwa_wa,East Africa,Kenya/Tanzania,Swahili,2026-02-08,401
   Ulitaka kujua siasa hzi za democrazy nawaomba musome kitabu kinachoitwa The Prince by Machiavelli Ndio,swa,positive,0.46908608078956604,-1,misc / outlier,East Africa,Kenya/Tanzania,Swahili,2026-05-14,435
   Niite Mr  mtonye DJ zero aguse kibabe ya kwa,swa,neutral,0.7983586192131042,-1,misc / outlier,East Africa,Kenya/Tanzania,Swahili,2026-06-24,117
Never nkunguu kwa sasa tunalifanyia kazi hilo ili kuongeza vituo vya huduma zetu za usambazaji tafadhali endelea kusubiri tutatoa muongozo,swa,neutral,0.503929078578949,0,0_ya_na_kwa_wa,East Africa,Kenya/Tanzania,Swahili,2026-01-28,136
What a joy Nahodha wa Taifa Stars akisaini mkono wa kijana mdogo kama kumbukumbu kwa kijana huyo kwamba aliwahi kuonana na Samatta,swa,positive,0.7438554763793945,0,0_ya_na_kwa_wa,East Africa,Kenya/Tanzania,Swahili,2026-07-31,360
Ujanja ujanja wa wafanyabiashara  je nini,swa,neutral,0.7291720509529114,1,1_nini_na_sana_ni,East Africa,Kenya/Tanzania,Swahili,2026-07-04,192
   Zama zinabadilika,swa,neutral,0.8537251949310303,1,1_nini_na_sana_ni,East Africa,Kenya/Tanzania,Swahili,2026-06-29,351
   Ukiwa huna hela utangatwa hata na mbwa wako,swa,neutral,0.8372554183006287,1,1_nini_na_sana_ni,East Africa,Kenya/Tanzania,Swahili,2026-06-15,129
TAFITIUtafiti uliofanywa hivi karibuni umegundua vile unatumia zaidi vyakula na vinywaji vyenye sukari ndivyo unavyoongeza hatari ya kufa haraka Tiba Fasta 2018,swa,neutral,0.6232436895370483,-1,misc / outlier,East Africa,Kenya/Tanzania,Swahili,2026-08-05,218
   Hongera kaka mkubwa kwa kufunga ndoakila la kheri,swa,positive,0.8316741585731506,1,1_nini_na_sana_ni,East Africa,Kenya/Tanzania,Swahili,2026-07-15,347
   Ni kosa gani mpenzi wako akifanya huwezi kumsamehe,swa,neutral,0.8993492126464844,1,1_nini_na_sana_ni,East Africa,Kenya/Tanzania,Swahili,2026-08-18,95
   Baada ya kusubiria sana hatimaye sasa imebakia siku moja watu wa Arusha mle minyamanyama uku mkipata burudani kadhaa,swa,neutral,0.5207860469818115,0,0_ya_na_kwa_wa,East Africa,Kenya/Tanzania,Swahili,2026-04-28,246
Asante sana na kwa niaba yake tunasema asante sanaAmani,swa,positive,0.9503273367881775,3,3_tigo_huduma_na_sana,East Africa,Kenya/Tanzania,Swahili,2026-01-22,1
   Moja ya Kitu Kinayumbisha Mahusiano na Ndoa Siku Hizi Ni Pesa Ni Kweli Pesa Hainunui Upendo ila Pesa Inanunua Chakula N,swa,neutral,0.6268897652626038,0,0_ya_na_kwa_wa,East Africa,Kenya/Tanzania,Swahili,2026-05-22,412
Moshi Hivi sasa tuko katika uboreshaji wa mfumo wa usambazaji wa huduma na bidhaa zetu ili wateja Wetu wapate huduma bora zaidi Zoezi likikamilika tutatoa mawasiliano ya mawakala Wetu Tunaomba radhi kwa usumbufu unaojitokeza,swa,positive,0.47033798694610596,0,0_ya_na_kwa_wa,East Africa,Kenya/Tanzania,Swahili,2026-07-18,369
Asante kwa kutembelea kurasa yetu  CM,swa,positive,0.8353806138038635,1,1_nini_na_sana_ni,East Africa,Kenya/Tanzania,Swahili,2026-01-11,409
Anatakiwa achapike mtu offline uko aje atoe ushahidi humu ndo heshima itakuwepo,swa,neutral,0.8965051174163818,-1,misc / outlier,East Africa,Kenya/Tanzania,Swahili,2026-01-01,143
   Ukifundisha mwanaume kilimofamilia yake itashiba Ukimfumdisha mwanamke kilimojamii yake itashiba Tayari,swa,neutral,0.6781941652297974,0,0_ya_na_kwa_wa,East Africa,Kenya/Tanzania,Swahili,2026-07-20,183
Asante kwa kushiriki na endelea kutembelea ukurasa wetu wa Zantel,swa,positive,0.9101011753082275,-1,misc / outlier,East Africa,Kenya/Tanzania,Swahili,2026-02-02,125
Habari Maoni yako tunayafanyia kaziCF,swa,neutral,0.8172675967216492,0,0_ya_na_kwa_wa,East Africa,Kenya/Tanzania,Swahili,2026-03-01,335
   Wasichojua hatuwez kutatua tatizo kwa kujifanya halipo Asichojua yy mwnywe kashiriki kutangaza tatizo,swa,neutral,0.8121013045310974,0,0_ya_na_kwa_wa,East Africa,Kenya/Tanzania,Swahili,2026-05-26,154
But sidhani iyo inaondoa utanzania wao wanatumia passport gani kusafiria,swa,neutral,0.6521275639533997,-1,misc / outlier,East Africa,Kenya/Tanzania,Swahili,2026-08-24,164
UTUMIAJI WA P2 ULIOPITILIZA utapelekea Kuzoofisha ukuta wa tumbo na kuharibu mji wa mimba sababu hii inaweza kupelekea Kutoweza kushika UJAUZITO huko Mbeleni FinallyTumia njia ya Uzazi wa mpango ulio mzuri kwa afya Epuka kujamiana bila kinga kama ujaoa Uoe,swa,positive,0.5456574559211731,0,0_ya_na_kwa_wa,East Africa,Kenya/Tanzania,Swahili,2026-01-10,245
Karibu DTBTanzania head office ujipatie zawadi yako,swa,neutral,0.8308690786361694,-1,misc / outlier,East Africa,Kenya/Tanzania,Swahili,2026-06-15,248
   STORY YA UMMILKHERY Nina miaka 25 Ni raisi kivuli wa mkutano wa Umoja wa mataifa Tanzania Pia ni mku,swa,positive,0.6500990986824036,2,2_tanzania_ya_wa_kenya,East Africa,Kenya/Tanzania,Swahili,2026-07-03,219
   Katika Manunuzi ya Umma yanayosimamiwa na kudhibitiwa na PPRA imetengwa 30 ya manunuzi yake yatoke kwa Vijana 10 W,swa,positive,0.5238239765167236,0,0_ya_na_kwa_wa,East Africa,Kenya/Tanzania,Swahili,2026-03-19,319
Habari Asante kwa kuwasiliana nasi kupitia kurasa zetu maoni yako mazuri ya kuboresha huduma zetu yametufikia na tunayafanyia kazi,swa,positive,0.6382391452789307,0,0_ya_na_kwa_wa,East Africa,Kenya/Tanzania,Swahili,2026-02-02,326
   Arushaaaaa We here today Sijui nimuachie achane tena na leo sema Wa  Ara wanaweza mrushia maji akianza ki,swa,neutral,0.4897462725639343,0,0_ya_na_kwa_wa,East Africa,Kenya/Tanzania,Swahili,2026-06-10,43
   Katika kila TZS 1 ya Bajeti Senti 587 zinakwenda katika sekta 5 za Malengo Makuu ya SMZ,swa,neutral,0.8477479219436646,0,0_ya_na_kwa_wa,East Africa,Kenya/Tanzania,Swahili,2026-03-06,337
   Mnakumbuka kipindi Jerry Tegeta alipokuwa akitupa raha Stars na Yanga ni kama leo Alikiba anavyotuburudish,swa,neutral,0.9042611122131348,-1,misc / outlier,East Africa,Kenya/Tanzania,Swahili,2026-05-16,459
Kumbe hela za kufanya anasa mnazo ila za maendeleo ndio hamna mpaka tozokama mna uwezo wa kununua ndege bila tozo mnashindwa nini kujenga shule na hospital NB Priorities,swa,neutral,0.7978821396827698,0,0_ya_na_kwa_wa,East Africa,Kenya/Tanzania,Swahili,2026-06-12,185
unaweza pia ukajiunga na vifurushi mbalimbali tafadhali piga 14700 au 14800 kisha chagua zaizi yako ili kuweza kujiunga na vifurushi kulingana na matumizi yako,swa,neutral,0.7660225033760071,-1,misc / outlier,East Africa,Kenya/Tanzania,Swahili,2026-04-22,78
   Huyu shahidi anatatupa tafsiri ya haraka haraka ya gharama za kujihusisha na siasa za upinzani Tanzania inatisha kwakweli,swa,neutral,0.6600757837295532,2,2_tanzania_ya_wa_kenya,East Africa,Kenya/Tanzania,Swahili,2026-06-28,475
Tuna Ofisi za Usajili kwenye kila Wilaya Mkoani DaEsSalaam na Mikoa yote ya Tanzania fika kwenye Ofisi yetu ya usajili Wilaya unayoishi tuweze kukuhudumia au fika kwenye Ofisi ya Serikali ya Mtaa unaoishi kwa maelekezo zaidi,swa,neutral,0.4521159529685974,-1,misc / outlier,East Africa,Kenya/Tanzania,Swahili,2026-07-15,155
   Ipe thamani wikiendi yako ya kwanza ya mwezi Oktoba kwa kuelimika na  Tazama hapa ratiba ya vipindi k,swa,neutral,0.7424653768539429,3,3_tigo_huduma_na_sana,East Africa,Kenya/Tanzania,Swahili,2026-01-29,437
   Kama Huna Hela Jitahidi Basi Ujifunze Hata Dini Ili Kwenye Vikao Vya Familia Wakutegemee Kufungua Vikao Kwa Sala Na Mao,swa,neutral,0.6291606426239014,0,0_ya_na_kwa_wa,East Africa,Kenya/Tanzania,Swahili,2026-01-26,197
Habari asante kwa kutembelea ukurasa wetu unahitajika kutembelea kwenye ATM mashine ukiwa na kadi yako na uweze kusajili namba unayohitaji kuitumia sasa Unahitajika kuwa na kadi ya ATM kuweza kujisajili karibuTL,swa,neutral,0.5488266348838806,0,0_ya_na_kwa_wa,East Africa,Kenya/Tanzania,Swahili,2026-01-19,29
   Kama watu wanapata Shahada za heshima kwanini leo sisi tusimtunuku ndugu yetu kaka yangu Degree ya heshi,swa,neutral,0.6805996298789978,0,0_ya_na_kwa_wa,East Africa,Kenya/Tanzania,Swahili,2026-03-18,43
   EWE KIJANA AMKA KUMEKUCHA Ni asubuhi nyingine tena katika ulimwengu uliojaa fursa nyingi hususani za kilimo biashara T,swa,neutral,0.6994317173957825,0,0_ya_na_kwa_wa,East Africa,Kenya/Tanzania,Swahili,2026-05-15,423
   Hawa ndiyo vijana waliokuwa na ushawishi zaidi mwaka 2019 Mwaka huu zitakuja sura zingine au watendelea kuongeza ushawi,swa,neutral,0.796097457408905,-1,misc / outlier,East Africa,Kenya/Tanzania,Swahili,2026-05-30,289
   Hakuna budi kumshukuru mungu muumba mbingu n ardhi kwakuweza kutuamsha siku ingine tena naomba baraka zake nitembee n,swa,neutral,0.6134499907493591,0,0_ya_na_kwa_wa,East Africa,Kenya/Tanzania,Swahili,2026-02-19,463
   Sio kesi pia tatizo hapo liko wapi Mpaka kufikia Mwaka 1997 serikali ilitaka Mtoto aanze shule akiwa na mia,swa,neutral,0.8785333633422852,0,0_ya_na_kwa_wa,East Africa,Kenya/Tanzania,Swahili,2026-04-10,166
   Kama unataka kufanya biashara katika karne hii ya 21 ni matumizi ya Teknolojia ukiogopa huwezi kuongoza soko wala kung,swa,neutral,0.7836762070655823,0,0_ya_na_kwa_wa,East Africa,Kenya/Tanzania,Swahili,2026-03-08,401
Wajanja wote waliopata chanjo ya Uviko 19 wanakiri kupata kero ndogo ndogo siku za mwanzoni kama homa na kuumwa kichwa Tofauti na hapo mambo ni burudani kama kusukuma mlevi kwenye mteremko,swa,positive,0.4462568759918213,0,0_ya_na_kwa_wa,East Africa,Kenya/Tanzania,Swahili,2026-02-27,482
Matatizo ya kiufundi hutokea katika Mtandao wowote Pole kwa usumbufu tuvumilie wakati huu tunapotafuta ufumbuzi wa haraka,swa,positive,0.6750966906547546,0,0_ya_na_kwa_wa,East Africa,Kenya/Tanzania,Swahili,2026-07-22,71
   Ukurasa rasmi wa twitter wa jana ulifikisha wafuasi 40000 Wewe ni na bado hujaufuata basi ong,swa,neutral,0.7962247133255005,1,1_nini_na_sana_ni,East Africa,Kenya/Tanzania,Swahili,2026-06-03,271
   SABABU INAYOFANYA MTU AJIUMIZE AU KUUMIZA WATU WENGINE NI UKOSEFU WA MAARIFA UNAWARENESS,swa,neutral,0.6380380392074585,0,0_ya_na_kwa_wa,East Africa,Kenya/Tanzania,Swahili,2026-01-01,425
Sindio nyie mkipostiwa chakula mnalalamika mna njaa roho zina waumaleo hazitouma nipost,swa,neutral,0.8042622208595276,-1,misc / outlier,East Africa,Kenya/Tanzania,Swahili,2026-01-03,176
   Uongozi wa Kampuni ya Lugumi Enterprises Limited unapenda kumpongeza Rais wa Jamhuri ya Muungano wa Tanzania Samia Sulu,swa,positive,0.6722045540809631,2,2_tanzania_ya_wa_kenya,East Africa,Kenya/Tanzania,Swahili,2026-05-18,324
Wallelulu tunaomba taarifa kuhusiana na namba yako ya simu unayotumia upande wa internet,swa,neutral,0.5145853161811829,-1,misc / outlier,East Africa,Kenya/Tanzania,Swahili,2026-03-19,298
 SIRI YA UGANDA KUIPIKU KENYA NA TANZANIA KATIKA UZALISHAJI WA MAZIWA AFRIKA MASHARIKI Soma hapa,swa,neutral,0.5326274037361145,2,2_tanzania_ya_wa_kenya,East Africa,Kenya/Tanzania,Swahili,2026-04-28,7
Jambo gani litakufanya uwe na furaha kama ya Rashford Funguka,swa,neutral,0.7449521422386169,1,1_nini_na_sana_ni,East Africa,Kenya/Tanzania,Swahili,2026-03-13,336
Weka taarifa zako kama jina uliotumia kuomba kuunganishwa mbezi sehemu gani umelipia kiasi gani na lini bila kusaau namba ya simu,swa,neutral,0.8328078985214233,3,3_tigo_huduma_na_sana,East Africa,Kenya/Tanzania,Swahili,2026-03-22,5
Droo ya saba ya imefanyika leo na kushuhudia washindi wengine 20 wa Tsh 100000 kila mmoja Mpaka sasa jumla ya Watanzania 140 washajishindia vitata vya fedha na wengine 6 wamejishindia Samsung Galaxy S9 Endelea kutumia na na wewe ushinde,swa,positive,0.3854570984840393,0,0_ya_na_kwa_wa,East Africa,Kenya/Tanzania,Swahili,2026-06-15,107
Luteni Jenerali Mohamed alisema jamii ya mchezo wa Golf Tanzania inatambua mchango mkubwa unaotolewa na NMB katika kudhamini mchezo huo mara zote jambo ambalo linaendeleza kukua kwa mchezo huo nchini hivyo tutaendelea kushirikiana na benki hiyo,swa,positive,0.4191865921020508,2,2_tanzania_ya_wa_kenya,East Africa,Kenya/Tanzania,Swahili,2026-08-03,487
   Nawaambia haya machozi ya Watanzania yatakuja kumtia wazimu beberu mweusi Watu wanauliwa watu wanapotea watu wanajer,swa,neutral,0.5229878425598145,0,0_ya_na_kwa_wa,East Africa,Kenya/Tanzania,Swahili,2026-08-15,36
Klabu ya Simba imetozwa faini ya milioni tatu kwa kuingia uwanjani wakitumia mlango usio rasmi lakini vilevile kutotumia njia maalum iliyowekwa kwa ajili ya kuingia kwenye eneo la kuchezea Adhabu imetolewa kwa kuzingatia Kanuni ya 14 49 ya Ligi Kuu kuhusu Taratibu za Mchezo,swa,positive,0.44885995984077454,0,0_ya_na_kwa_wa,East Africa,Kenya/Tanzania,Swahili,2026-03-04,335
   Utabiri wa Hali ya Hewa wa saa 24 zijazo kuanzia saa 3 usiku wa leo 29082018 kama unavyoletwa,swa,neutral,0.49376726150512695,0,0_ya_na_kwa_wa,East Africa,Kenya/Tanzania,Swahili,2026-05-02,150
   Bro jamaa aliye kuazima suti amesema utoke juani suti yake itapauka,swa,neutral,0.7873302102088928,0,0_ya_na_kwa_wa,East Africa,Kenya/Tanzania,Swahili,2026-05-15,128
Shilole AKA Shishi Baby kuhusu UkatiliUnyanyasaji Mtandaoni,swa,positive,0.7824565768241882,0,0_ya_na_kwa_wa,East Africa,Kenya/Tanzania,Swahili,2026-03-02,311
   Zabuni za ujenzi wa hoteli ya nyota 4 na maeneo ya biashara kwenye jengo la 3 la abiria JNIA JNIATBIII jijini Dar es sala,swa,neutral,0.6389258503913879,0,0_ya_na_kwa_wa,East Africa,Kenya/Tanzania,Swahili,2026-05-21,51
Mwenyekiti wa Jumuiya za Tawala za Mikoa ALAT Gulamhafeez Mukadamu kulia akipokea mfano wa hundi ya Sh milioni 100 kutoka kwa Meneja wa NMB Kanda ya Kati  Nsolo Mlozi kama udhamini wa mkutano Mkuu wa Mwaka wa ALAT unaotarajiwa kufanyika kuanzia wiki ijayo Jijini Dodoma,swa,positive,0.534412145614624,-1,misc / outlier,East Africa,Kenya/Tanzania,Swahili,2026-03-05,296
   Pata burger nzuri the best in town tupo Engen Petrol Station Mbezi Beach,swa,neutral,0.8094212412834167,0,0_ya_na_kwa_wa,East Africa,Kenya/Tanzania,Swahili,2026-01-08,73
Tembelea tawi letu karibu nawe au tupigie kupitia namba 0800780111 tuweze kukusaidia,swa,neutral,0.763404130935669,-1,misc / outlier,East Africa,Kenya/Tanzania,Swahili,2026-04-16,437
Habari EliasGharama ni shilingi 3500 kwa kiasi hicho JB,swa,neutral,0.6959099173545837,2,2_tanzania_ya_wa_kenya,East Africa,Kenya/Tanzania,Swahili,2026-06-30,119
Habari hatujapokea picha ya kitambulisho chakoJuma,swa,neutral,0.843305766582489,-1,misc / outlier,East Africa,Kenya/Tanzania,Swahili,2026-06-16,95
   4 Anne Kilango tulikua tumetulia sana ila baada ya gesi na mafuta kugundulika wanataka tuvurugane wachukue vil,swa,neutral,0.7669296860694885,1,1_nini_na_sana_ni,East Africa,Kenya/Tanzania,Swahili,2026-03-20,397
   Leo Oktoba 3 ndio siku ya uteuzi wa Waandikishaji wa Wapiga kura,swa,neutral,0.8316699862480164,-1,misc / outlier,East Africa,Kenya/Tanzania,Swahili,2026-01-15,231
Waziri Wa Afya Maendeleo ya Jamii Jinsia Wazee na Watoto Ummy Mwalimu amekagua utoaji Huduma za Afya katika Hospitali Teule ya Rufaa ya Mkoa wa Njombe na kubaini,swa,positive,0.5065950155258179,-1,misc / outlier,East Africa,Kenya/Tanzania,Swahili,2026-01-06,177
   Muonekano wa kipande kilichotandikwa reli ya kisasa ya SGR jijini Dar es Salaam,swa,positive,0.7619789242744446,-1,misc / outlier,East Africa,Kenya/Tanzania,Swahili,2026-02-19,401
   Taarifa ya Ufafanuzi Kwa Umma Kutoka Wizara ya Maliasili na Utalii Kuhusu Picha ya Video inayozunguka Kwenye Mitandao ya Ki,swa,positive,0.5892277359962463,-1,misc / outlier,East Africa,Kenya/Tanzania,Swahili,2026-05-08,78
   Mtihani mkubwa sana huu jamani turudi katika maadili yetu,swa,positive,0.6282743811607361,1,1_nini_na_sana_ni,East Africa,Kenya/Tanzania,Swahili,2026-08-15,106
Dudubaya ashikiliwa na Polisi gtgtgt,swa,neutral,0.6071585416793823,-1,misc / outlier,East Africa,Kenya/Tanzania,Swahili,2026-06-22,462
Laini ni bureyawezekana hiyo buku uliyotoa walikuwekea vocha kwa sababu ukipewa laini lazima uweke salio ili waiwezeshe kwa salio iwe hewani,swa,neutral,0.6772082448005676,0,0_ya_na_kwa_wa,East Africa,Kenya/Tanzania,Swahili,2026-06-15,206
KIGOGO WA TANAPA AIBIWA MILIONI 94 GESTI              Mkuu wa Kikosi kazi cha Kupambana na Ujangili Kanda ya Ziwa ambaye pia ni Mhifadhi wa Shirika la Hifadhi za Taifa,swa,neutral,0.6827215552330017,0,0_ya_na_kwa_wa,East Africa,Kenya/Tanzania,Swahili,2026-04-18,405
Huduma za TigoPesa zimerudi hewani sasa Tunaomba radhi kwa usumbufu uliojitokeza,swa,neutral,0.5056123733520508,3,3_tigo_huduma_na_sana,East Africa,Kenya/Tanzania,Swahili,2026-01-21,273
   Serikali imeamua kuwa vipimo kwa ajili ya homa ya Dengue vitatolewa BURE kwenye vituo vya kutolea vya kutolea huduma,swa,positive,0.7757986187934875,0,0_ya_na_kwa_wa,East Africa,Kenya/Tanzania,Swahili,2026-03-07,85
Ilikuwa Interview Bomba kabisa kudos kwako na Mendez,swa,neutral,0.8207035660743713,1,1_nini_na_sana_ni,East Africa,Kenya/Tanzania,Swahili,2026-02-28,312
   Tupigie direct tunakufikishia mlipobanana Only,swa,neutral,0.8065047264099121,-1,misc / outlier,East Africa,Kenya/Tanzania,Swahili,2026-06-20,456
   Tumemuandikia barua Rais achukue hatua asije baadaye akatulaumu wapo wadau wengi napozungumza maridhiano simaanishi,swa,neutral,0.4806938171386719,0,0_ya_na_kwa_wa,East Africa,Kenya/Tanzania,Swahili,2026-04-19,352
   Wapo waliopotea bila kujulikana walipo kama vile Ben SaananeAzory Gwanda na Mkitii wa Halmashauri ya KibondoSmoni Kangoye,swa,positive,0.6233564019203186,0,0_ya_na_kwa_wa,East Africa,Kenya/Tanzania,Swahili,2026-08-25,311
Tarehe 29 hadi 31 October wameandaa safari ya kutembelea LushotoTanga Tutakua huko kwa siku tatu gharama ni Tsh 260000 kwa mtu mmoja Gharama zinahusisha vitu vyote muhimu yan usafiri malazi chakula na utalii Fanya booking uungane nasi Piga namba 0672358189,swa,neutral,0.49124249815940857,0,0_ya_na_kwa_wa,East Africa,Kenya/Tanzania,Swahili,2026-04-05,500
Na tutawapataje tutapataje madini yaonkuptia muitikio wapo kama nimepost cha maana Mfano nilipost kuhusu ushaur unaeza mshaur mtu achkue kozi gan km ufaham tweet huenda wanaofhm wanajua Mm ataniwe na followers 10 Lkn nikipost kitu kikapokelewa am happy na idad ya foll,swa,neutral,0.507545530796051,0,0_ya_na_kwa_wa,East Africa,Kenya/Tanzania,Swahili,2026-02-28,400
Mitandao ya kijamii Ukiwa una Moyo mdogo Kama Remote ya AC ya Samsung Basi jiandae Kuwa Mtu wa kukosa amani,swa,neutral,0.524833083152771,-1,misc / outlier,East Africa,Kenya/Tanzania,Swahili,2026-05-07,46
Habari Pole kwa changamoto hiyo tafadhali fahamu tumekwishaondoa ujumbe huo,swa,neutral,0.7815855741500854,0,0_ya_na_kwa_wa,East Africa,Kenya/Tanzania,Swahili,2026-01-09,342
Kurasa ya Mbele na Nyuma kutoka Gazeti la UHURU Novemba 13 2018 Jipatie nakala yako kwa Tsh1000 2018,swa,neutral,0.6313731670379639,0,0_ya_na_kwa_wa,East Africa,Kenya/Tanzania,Swahili,2026-06-28,461
Mseng yulena nikimiliki bastola naanza nae kumtoa ukilemaalitaka nipotelee jela kifala,swa,neutral,0.6969367861747742,3,3_tigo_huduma_na_sana,East Africa,Kenya/Tanzania,Swahili,2026-03-28,457
 Acha kuongea juu ya shida Unazo Kumbana Nazona anza kufikiria suluhisho tu,swa,neutral,0.8043763041496277,3,3_tigo_huduma_na_sana,East Africa,Kenya/Tanzania,Swahili,2026-07-03,280
   Katibu Mkuu wa chama tawala Kenya Jubilee Raphael Tuju amepata ajali katika eneo la Magina barabara kuu ya Nakuru N,swa,neutral,0.6157598495483398,2,2_tanzania_ya_wa_kenya,East Africa,Kenya/Tanzania,Swahili,2026-04-18,403
   Japo huwauwa viumbe watakao mchokoza ila Tembo yeye hali nyama,swa,negative,0.5385233163833618,-1,misc / outlier,East Africa,Kenya/Tanzania,Swahili,2026-04-03,325
Ni Easy na EzypesaBabe Tumia Ezypesa na Ushinde,swa,neutral,0.565791130065918,3,3_tigo_huduma_na_sana,East Africa,Kenya/Tanzania,Swahili,2026-06-24,429
Tunsume Sakajinga 59 mkazi wa Mgeninani jijini Dar es Salaam anadaiwa kuuawa na Mfanyakazi wake wa ndani Gideon Elias 20 kwa kuchomwa na mkasi shingoni Januari 12 Gideon anatuhumiwa kutenda kosa hilo ili achukue mafao ya mfanyakazi huyo wa TPA aliyestaafu Disemba 30,swa,neutral,0.46823468804359436,0,0_ya_na_kwa_wa,East Africa,Kenya/Tanzania,Swahili,2026-04-12,152
   Kuna mdau wa Toba asilia ana jambo lake na watu wenye vidonda vya tumbo No chemicals added Cheki nae hapa 0654 982 582,swa,neutral,0.8062136769294739,-1,misc / outlier,East Africa,Kenya/Tanzania,Swahili,2026-02-20,101
Mimi ni mama na nina wajukuu Nilianza kuuza mitumba mwaka 1991 kwa mtaji wa elfu ishirini Baada ya hapo,swa,neutral,0.7257378101348877,0,0_ya_na_kwa_wa,East Africa,Kenya/Tanzania,Swahili,2026-01-02,253
   Anayekunywa Wine na anayekunywa gongo wote wanatafuta kulewa,swa,neutral,0.8610244989395142,-1,misc / outlier,East Africa,Kenya/Tanzania,Swahili,2026-07-24,354
   Japo mimi ni moja ya watu wanaotaka machinga wawe monitored ila hii monitoring inafanyika kienyeji enyeji sana labda wat,swa,neutral,0.6898630261421204,0,0_ya_na_kwa_wa,East Africa,Kenya/Tanzania,Swahili,2026-03-16,109
   Mheshimiwa Rais Mstaafu Ali Hassan Mwinyi anatimiza leo miaka 96 na leo anatupatia zawadi ya kitabu tawasifu ya maisha,swa,positive,0.5190662741661072,0,0_ya_na_kwa_wa,East Africa,Kenya/Tanzania,Swahili,2026-07-09,271
Fuatilia mashindano haya ya Golf Sony Open In Hawaii yatakayoruka Live kupitia SS1 kuanzia saa 9 alfajiri,swa,neutral,0.8142736554145813,-1,misc / outlier,East Africa,Kenya/Tanzania,Swahili,2026-08-05,40
   Kwa maana nyingine ni kutazama nyuma kwa shukrani tazama Mbele kwa matumaini tazama kando kwa mapendo na tazama juu kwa im,swa,neutral,0.5310018658638,0,0_ya_na_kwa_wa,East Africa,Kenya/Tanzania,Swahili,2026-05-10,379
   Neno connection limejipatia umaarufu katika siku za hivi karibuni hasa kila mara inapotokea picha au video za uchi zi,swa,neutral,0.7368451356887817,0,0_ya_na_kwa_wa,East Africa,Kenya/Tanzania,Swahili,2026-01-18,429
   Kuna wimbi la vijana kuendekeza starehe zaidi na kushindwa kuwekeza kwenye kazina mipango mingine ya maendeleo Je kuna a,swa,neutral,0.671968400478363,-1,misc / outlier,East Africa,Kenya/Tanzania,Swahili,2026-02-22,224
   Liverpool inahitaji alama moja tu kufuzu 16 Bora za Mabinga wa ulaya UEFA Mapema usiku 2055 wanakipiga ugenini kwa Reb bul,swa,neutral,0.7146525979042053,2,2_tanzania_ya_wa_kenya,East Africa,Kenya/Tanzania,Swahili,2026-05-07,343
   airphone mwenda alikuwa hasikilizi mtu skeletoni muhusika kwenye picha ni marehem grass ya damu kuna,swa,neutral,0.819082498550415,1,1_nini_na_sana_ni,East Africa,Kenya/Tanzania,Swahili,2026-02-21,451
   Afya  Habari Marketing Ucheshi Unene Wivu,swa,neutral,0.8854097127914429,-1,misc / outlier,East Africa,Kenya/Tanzania,Swahili,2026-03-21,59
Ningependa pia kwa yule Mwenye uwezo Aweze kutoa Msaada pia Kwa wale wasio kuwa na Uwezo Msaada wa MalaziMavazi na Makazi Usichome Nguo Kuna watu wanahitaji Usitupe Chakula Kuna watu wanahitaji DunianiTunapita Na Kila Kitu tutakiacha Usi,swa,positive,0.7374718189239502,0,0_ya_na_kwa_wa,East Africa,Kenya/Tanzania,Swahili,2026-07-16,284
Hauna akili,swa,neutral,0.7647433876991272,1,1_nini_na_sana_ni,East Africa,Kenya/Tanzania,Swahili,2026-07-29,60
   Zinakufa sababu most of them wanawekeza kwenye biashara ambazo hawana uelewa nazo na wanawekeza kwenye bias,swa,neutral,0.7669598460197449,0,0_ya_na_kwa_wa,East Africa,Kenya/Tanzania,Swahili,2026-02-19,135
1 Bonyeza kitufe cha POWER kupitia rimoti yako 2 Shikilia P kupitia kisimbuzi chako hadi neno CODE litakapotokea kwenye luninga yako,swa,neutral,0.8108037710189819,-1,misc / outlier,East Africa,Kenya/Tanzania,Swahili,2026-03-01,214
Hongereni sana,swa,positive,0.9536181688308716,1,1_nini_na_sana_ni,East Africa,Kenya/Tanzania,Swahili,2026-04-30,119
Habari tunaomba namba yako kwa msaada zaidiKA,swa,neutral,0.7115927338600159,0,0_ya_na_kwa_wa,East Africa,Kenya/Tanzania,Swahili,2026-02-26,423
   Rais Dkt John Magufuli akizungumza na wananchi mbalimbali katika hospitali ya Taifa ya Muhimbili mara baada ya kutoka kuwaj,swa,positive,0.4643915891647339,-1,misc / outlier,East Africa,Kenya/Tanzania,Swahili,2026-03-09,71
   Aah kwasababu tunaishia kifuani tuu not fair,swa,neutral,0.822970986366272,2,2_tanzania_ya_wa_kenya,East Africa,Kenya/Tanzania,Swahili,2026-07-14,242
Hapa shangazi unanichanganyasawa ni travel document lakini si inatumika kutambua mtu katoka nchi gani kumiliki passport ya Tanzania maana yake we si mtanzaniaau me ndo sielewi,swa,neutral,0.6635870337486267,0,0_ya_na_kwa_wa,East Africa,Kenya/Tanzania,Swahili,2026-08-16,252
Watu wengine hawatakupenda hata ufanye nini na watu wengine hawataacha kukupenda hata ufanye nini Nenda mahali penye upendo,swa,neutral,0.8228628635406494,1,1_nini_na_sana_ni,East Africa,Kenya/Tanzania,Swahili,2026-03-17,285
   Matunda 7 muhimu kwa mjamzito 1 Machungwa 2 Maembe 3 Parachichi 4 Ndimu 5 Ndizi 6 Tufaha 7 Berries Cc,swa,neutral,0.9179691076278687,0,0_ya_na_kwa_wa,East Africa,Kenya/Tanzania,Swahili,2026-01-28,29
Kitu cha kujifunza zaid ili uweze kupata 1000 followers jihusishe sana na watu wenye account zenye followers wengi Kama na wengineo dFollow account kubwa na ndogo Retweet content zaofollow them wacheki DM,swa,neutral,0.716993510723114,-1,misc / outlier,East Africa,Kenya/Tanzania,Swahili,2026-06-09,247
   Dini yangu inaniambia nisifanye wala nisiikaribie zinaa halafu ukizingatia unapopata mwenza wako ambaye mnaendana usiogope,swa,neutral,0.8005775213241577,0,0_ya_na_kwa_wa,East Africa,Kenya/Tanzania,Swahili,2026-05-07,239
   CHETI Ambacho Unaweza Kupata Bila Hata Kusoma Ni Cha NDOA Lakini Mitihani Yake Huja Baadae Kuoa Ni Rahisi Tu Tafuta,swa,neutral,0.8077405691146851,0,0_ya_na_kwa_wa,East Africa,Kenya/Tanzania,Swahili,2026-06-06,463
   Naomba niwashukuru sana uwepo wenu hapa na miezi minne ya Uvumilivu katika kufuatilia semina ya Fursa kupitia mikoa m,swa,neutral,0.5403821468353271,0,0_ya_na_kwa_wa,East Africa,Kenya/Tanzania,Swahili,2026-02-17,73
   Ilikuwa ni kama El Chapo anajadili terms za dili lake na FBI kule Marekani ili ajisalimishe So kesho yake usiku watu w,swa,neutral,0.7008942365646362,0,0_ya_na_kwa_wa,East Africa,Kenya/Tanzania,Swahili,2026-08-18,358
   Kaimu Mkurugenzi wa Uendeshaji wa Shirika la Reli Tanzania TRC Focus Sahani akizungumza na waandishi wa haari jijini Dare,swa,positive,0.6727308630943298,2,2_tanzania_ya_wa_kenya,East Africa,Kenya/Tanzania,Swahili,2026-02-27,251
Haya maneno uliyasema last time tukiwa samaki ya masaki kabla hujarudi ulaya na nilikurekodiandaa hela tu broahadi yako iko kwenye mipango yangu ya kuokoa hela ya gari,swa,neutral,0.641882061958313,0,0_ya_na_kwa_wa,East Africa,Kenya/Tanzania,Swahili,2026-05-05,126
   Kipindi nipo chuo Dar es salaam nilikuwa kwenye mahusiano na msichana mmoja wa huku nyumbani Tulikuwa tunapendana sana,swa,neutral,0.5656126737594604,0,0_ya_na_kwa_wa,East Africa,Kenya/Tanzania,Swahili,2026-04-17,255
   Mpaka kufikia sasa asilimia 43 ya Watanzania wanapata mtandao wa intaneti Tunapoanza muongo mpya 20202030 tujenge ma,swa,neutral,0.6235812306404114,-1,misc / outlier,East Africa,Kenya/Tanzania,Swahili,2026-08-22,84
Ambindwile JrTunapenda kukujulisha kuwa huduma ya voicemail utajiunganisha kwa kuandika katika uwanja wako wa message Voicemail kwenda namba 15905,swa,positive,0.6974525451660156,0,0_ya_na_kwa_wa,East Africa,Kenya/Tanzania,Swahili,2026-06-20,276
Februari 14 kila mwaka mataifa mengi duniani huadhimisha siku ya wapendanao,swa,neutral,0.5553766489028931,0,0_ya_na_kwa_wa,East Africa,Kenya/Tanzania,Swahili,2026-01-15,306
   Tshirt Tshirt Njoo ujipatie Tshirt kali classic za kinyamwezi Back to back Size M2xl Price 18000 Come shop with us K,swa,neutral,0.622451901435852,0,0_ya_na_kwa_wa,East Africa,Kenya/Tanzania,Swahili,2026-06-02,441
Ukweli ni kwamba hili ndio kundi ambalo serikali haina mipango wala mikakati nalo japokuwa ndio nguvu kazi ya taifaKipi kimefanyika kwa kundi hili,swa,neutral,0.6954128742218018,0,0_ya_na_kwa_wa,East Africa,Kenya/Tanzania,Swahili,2026-02-07,376
   Mambo Haya Ndo Alikua Hatak Manara Dada Babra Kahusikaje kwenye Iyo Picha Ila wamesahau na Mo Hapo ,swa,neutral,0.7232381701469421,0,0_ya_na_kwa_wa,East Africa,Kenya/Tanzania,Swahili,2026-08-25,3
   TATIZO NI TIMING Kuna jamaa angu 1 anaitwa Toni anaishi shinyanga ni mtu wa watu sana Ikifika weekend unakuta kuna wazee,swa,neutral,0.8780990839004517,0,0_ya_na_kwa_wa,East Africa,Kenya/Tanzania,Swahili,2026-04-11,82
Na mizuka yangu ila sipendi kukaa sehemu yenye mziki mkubwahata kama starehe mtuwekee mziki wa kawaida tupige hata storindo yale ya unamtongoza mtu DJ anazima mziki ghafla unasikika NAKUPENDAAA wote wanakugeukia,swa,neutral,0.6329179406166077,0,0_ya_na_kwa_wa,East Africa,Kenya/Tanzania,Swahili,2026-01-14,430
Nchi gani Africa inafundisha masomo yote kwa lugha yao ya asilinitajie niifatilie waliwezaje,swa,neutral,0.7212688326835632,2,2_tanzania_ya_wa_kenya,East Africa,Kenya/Tanzania,Swahili,2026-02-24,164
   Hongereni sana vijana wa kwa hatua hii nzuri Sote tuwajibike kutunza mazingira ,swa,positive,0.8731156587600708,1,1_nini_na_sana_ni,East Africa,Kenya/Tanzania,Swahili,2026-01-07,239
Kwa uelewa wangu sifa mojawapo ya kirusi kikiwa ndani ya mwili ndo kinasifa ya kuwa kiumbe kitaweza kujizalisha na kutembea Lakini kirusi kikiwa nje ya mwili akina sifa ya kuwa kiumbe hai Sasa katika sifa mojawapo ya kiumbe ha,swa,neutral,0.6189841032028198,0,0_ya_na_kwa_wa,East Africa,Kenya/Tanzania,Swahili,2026-06-02,356
   Chama cha wanawake wachimbaji wadogo TAWOMA wakionesha bidhaa zao za uchimbaji na teknolojia upimaji madini katika banda,swa,neutral,0.5693888068199158,-1,misc / outlier,East Africa,Kenya/Tanzania,Swahili,2026-02-06,288
Tafadhali tufahamishe unahitaji huduma ipi ili tuweze kukuhudumia,swa,neutral,0.7976629734039307,-1,misc / outlier,East Africa,Kenya/Tanzania,Swahili,2026-04-17,254
Habari gharama itategemea na aina ya akaunti ila kiwango cha wastani no TZS 10000 tu karibu sana,swa,neutral,0.6434641480445862,0,0_ya_na_kwa_wa,East Africa,Kenya/Tanzania,Swahili,2026-01-14,340
Unajifanya upo romantic unajaribu kuoga na babe kwa kutumia ndoo unateleza bafuni unaipiga teke ndoo maji yote yanamwagika ,swa,neutral,0.8183472752571106,0,0_ya_na_kwa_wa,East Africa,Kenya/Tanzania,Swahili,2026-07-01,151
   Katika jamii zilizo nyingi wanaume wanafikiriwa kuwa ndio wenye mamlaka na wanawake ni watu wa kutimiza linalosemwa na wana,swa,neutral,0.5140204429626465,0,0_ya_na_kwa_wa,East Africa,Kenya/Tanzania,Swahili,2026-01-16,430
   Afya yako ndio mtaji namba moja Usichukulie poa Jilinde mara zote Usiupige mwingi bila,swa,neutral,0.8584640622138977,1,1_nini_na_sana_ni,East Africa,Kenya/Tanzania,Swahili,2026-02-17,238
   Ukiwa huna hela unakula mawanga ya bei rahisi machapati mavitumbua maugali wali wa 200 nk lazima upate kiriba tumbo,swa,neutral,0.6584353446960449,0,0_ya_na_kwa_wa,East Africa,Kenya/Tanzania,Swahili,2026-04-11,191
   Maandalizi Wadau kutoka Kamati ya Maandalizi wajadili tukio kubwa la sekta hii mwaka huu Wakutana na waha,swa,neutral,0.680722177028656,0,0_ya_na_kwa_wa,East Africa,Kenya/Tanzania,Swahili,2026-04-26,218
   Mwaka mmoja wa Rais Magufuli na mkwamo wa elimu yetu,swa,positive,0.791607677936554,-1,misc / outlier,East Africa,Kenya/Tanzania,Swahili,2026-08-18,214
   Rais na Amiri Jeshi Mkuu Dkt akiwa katika picha na CDF Jenerali Venance Mabeyo Naibu Spika Tulia Ackson,swa,neutral,0.806256115436554,-1,misc / outlier,East Africa,Kenya/Tanzania,Swahili,2026-07-02,491
Maana halisi ya rudi nyumbani kumenoga,swa,neutral,0.7838667631149292,1,1_nini_na_sana_ni,East Africa,Kenya/Tanzania,Swahili,2026-08-15,346
Inatakiwa ikirudi system ikosee kutuma mimesejiya mchepuko iende kwa mainiforwadi mipicha hovyo hovyo siku ichangamke,swa,neutral,0.7184858322143555,-1,misc / outlier,East Africa,Kenya/Tanzania,Swahili,2026-03-22,38
   Wadau wa Sera zinazonufaisha Wananchi wapo kwenye maonyesho ya kazi za Asasi za Kiraia https,swa,neutral,0.8304694294929504,0,0_ya_na_kwa_wa,East Africa,Kenya/Tanzania,Swahili,2026-07-07,92
   Waziri asikitishwa amp utendaji wa Bodi amp Menejimenti ya kwa kutofanya maamuzi kwa wakati amp kusem,swa,positive,0.5431104302406311,0,0_ya_na_kwa_wa,East Africa,Kenya/Tanzania,Swahili,2026-01-29,326
   Kaya ya Mwanaume kwa desturi zetu ndio ina haki kwa 100 katika kurithi mirathi na mwanamke unakuwa umekuja tu kuolewa,swa,neutral,0.682239294052124,0,0_ya_na_kwa_wa,East Africa,Kenya/Tanzania,Swahili,2026-01-21,184
   Tunaahidi kuendelea kushirikiana na mataifa yote Dunia ili kuwa na umoja imara  Rais https,swa,positive,0.8426608443260193,0,0_ya_na_kwa_wa,East Africa,Kenya/Tanzania,Swahili,2026-08-27,325
Unataka kunidondoshea agendaniache ninywe biawe ndo ulikuwa unamuogopakalegea sahivi ndo huogopi pambano,swa,neutral,0.8299964666366577,-1,misc / outlier,East Africa,Kenya/Tanzania,Swahili,2026-02-12,331
   Tuhamasike na kushikamana ili kupambana na mifumo kandamizi hususani mfumo dume ambayo huathiri upatikanaji wa haki zetu,swa,neutral,0.5064403414726257,0,0_ya_na_kwa_wa,East Africa,Kenya/Tanzania,Swahili,2026-03-26,14
Ahsante kwa kuliwasilisha tatizo lako hapamuamala wa malipo ya DSTV bado upo hewani kwa sasa kutokana na tatizo la kiufundi tulilokuwa nalosuala hili linafanyiwa kazi na mafundi wetu na tutakamilisha muamala huu mapema iwezekanavyo ma L,swa,neutral,0.45093345642089844,0,0_ya_na_kwa_wa,East Africa,Kenya/Tanzania,Swahili,2026-02-18,10
   Anaejipiga mwenyewe halii,swa,neutral,0.9083184599876404,3,3_tigo_huduma_na_sana,East Africa,Kenya/Tanzania,Swahili,2026-02-17,312
Mwili wa aliyekuwa mtangazaji wa vituo vya Luninga na kituo cha Radio cha Clouds Fm cha Jijini DSM Ephrahim Kibonde aliyefariki Dunia majira ya alfajiri ya leo unasafirishwa kuelekea Jijini DSM kwa ajili ya taratibu za mazishi Soma zaidi gtgt,swa,neutral,0.42578449845314026,0,0_ya_na_kwa_wa,East Africa,Kenya/Tanzania,Swahili,2026-06-17,23
   Nilivyokuwa mdogo baba yangu alikuwa akitoka kazini ananiambia unaweza kuniandikia kitu nifurahi sasa hivi nina vitabu,swa,neutral,0.7295421957969666,-1,misc / outlier,East Africa,Kenya/Tanzania,Swahili,2026-08-28,349
   Kambi hii maalum ya watoto inaandaliwa na binti mdogo mwenye miaka 11 pekee MzaziMlezi mlete mwanao apate elimu,swa,neutral,0.4844552278518677,0,0_ya_na_kwa_wa,East Africa,Kenya/Tanzania,Swahili,2026-05-15,377
   Ukipita kwenye mabanda ya maonesho Mnazi mmoja ya Nishati Mbadala ya mkaa utamkuta karibu upate mafunzo na uwe,swa,neutral,0.5654893517494202,0,0_ya_na_kwa_wa,East Africa,Kenya/Tanzania,Swahili,2026-07-11,476
Shukran zangu za dhati zimfikie Dokta Hameer Dk Somgal na Dk Philip Adebayo dokta wangu wa sasa wauguzi na wafanyakazi wote wa Hospitali ya Agha Khan Juu ya yote namshukuru Mwenyezi Mungu kwa Baraka Fadhila Neema na ulinzi wake juu yangu imani yangu kwake,swa,positive,0.807164192199707,0,0_ya_na_kwa_wa,East Africa,Kenya/Tanzania,Swahili,2026-04-30,169
   Rais Dkt akiwa na Mkewe Mama Janeth Magufuli Mbunge wa Mtwara Vijijini Hawa Ghasia na Viongozi mbalim,swa,positive,0.7321065068244934,-1,misc / outlier,East Africa,Kenya/Tanzania,Swahili,2026-01-09,414
   Mashambulizi yazidi huko Gaza huku raia wawili wa Israel wakiuawa nao Wapalestina kadhaa kujeruhiwa,swa,neutral,0.48396700620651245,0,0_ya_na_kwa_wa,East Africa,Kenya/Tanzania,Swahili,2026-03-21,48
Nilikwambia lakiniachana naohawa hawana hata senti niamini mimiwako lonely pia wantafuta watu wa kuchat nao,swa,neutral,0.6894506812095642,0,0_ya_na_kwa_wa,East Africa,Kenya/Tanzania,Swahili,2026-06-20,261
Habari mdau Tunakupongeza kwa kuibua maoni chanyaJK,swa,neutral,0.8606146574020386,0,0_ya_na_kwa_wa,East Africa,Kenya/Tanzania,Swahili,2026-07-05,247
   Tutasema mengi ila wako serious sanahebu ona hii collabo aisee ona mwenyewe,swa,neutral,0.7342985272407532,3,3_tigo_huduma_na_sana,East Africa,Kenya/Tanzania,Swahili,2026-04-07,248
kibaya sana hiki kizazi,swa,neutral,0.768817126750946,0,0_ya_na_kwa_wa,East Africa,Kenya/Tanzania,Swahili,2026-08-03,387
   Katika maisha muda mwingine kubali kuzomewa kupuuzwa kubezwa na kudharauliwa Zote ni kuni Zitumie kuchochea moto w,swa,positive,0.7542315125465393,0,0_ya_na_kwa_wa,East Africa,Kenya/Tanzania,Swahili,2026-04-06,459
   Bwana ndiye Mchungaji wangu Zaburi 23 Bwana ndiye Mchungaji na kiongoZi wetu WaTZ atuongoze kuishinda minyororo,swa,positive,0.5883980393409729,0,0_ya_na_kwa_wa,East Africa,Kenya/Tanzania,Swahili,2026-03-26,73
Chukua chako mapema Ngoja ngoja ya nini wakati umeshashinda Cheza ulipwe Papo Hapo baada ya mechi kuisha,swa,neutral,0.7922036647796631,0,0_ya_na_kwa_wa,East Africa,Kenya/Tanzania,Swahili,2026-04-24,17
   Skati tamaa by DARASA,swa,neutral,0.7056961059570312,3,3_tigo_huduma_na_sana,East Africa,Kenya/Tanzania,Swahili,2026-02-13,109
   Kwanza from the safety point of view kuwajaza watoto hivyo ina madhara yafuatayo 1 Ni wengi wanaweza kua,swa,neutral,0.8894256949424744,0,0_ya_na_kwa_wa,East Africa,Kenya/Tanzania,Swahili,2026-01-28,367
   Karibu sana kwenye banda la ambapo utakutana na wataalam wa uchechemuzi wa maswala ya sekta ya uziduaji W,swa,neutral,0.7432596683502197,0,0_ya_na_kwa_wa,East Africa,Kenya/Tanzania,Swahili,2026-01-01,212
Habari Emmah Lizer Classic Pamoja sana Endelea kufurahia huduma za Tigo,swa,positive,0.630911648273468,3,3_tigo_huduma_na_sana,East Africa,Kenya/Tanzania,Swahili,2026-01-21,320
   Hii ni kwa mara ya kwanza vijana wa Kitanzania kukaa pamoja na wazee wao katika kujadili mustakabali wa Kesho yao Mim,swa,neutral,0.6173808574676514,0,0_ya_na_kwa_wa,East Africa,Kenya/Tanzania,Swahili,2026-03-13,64
   From 885 jet KWALIMBOA oi cheza ya to,swa,neutral,0.902824878692627,-1,misc / outlier,East Africa,Kenya/Tanzania,Swahili,2026-01-21,173
Habari Ahsante kwa kuwasiliana nasi Tunaomba kukufahamisha kuwa fidia ilitolewa kwa wateja ambao walijiunga na vifurushi na kushindwa kuvitumia kwa siku husika Ahsante JL,swa,neutral,0.6959612965583801,0,0_ya_na_kwa_wa,East Africa,Kenya/Tanzania,Swahili,2026-03-31,48
Kama kawa Kama dawa hapa burudani mwaa mwii na Jumapili hii Sasa ndani ya UFC mbabe Valentina atakutana na Liz katika ulingo je Nani kukalishwa Tukio zima kuruka live usiku wa kuamkia Jumapili saa 9 alfajiri kupitia SS6,swa,neutral,0.47759225964546204,0,0_ya_na_kwa_wa,East Africa,Kenya/Tanzania,Swahili,2026-04-18,441
Tunashukuru sana kwa mrejesho wako kuhusiana na huduma zetu Tutaifikisha katika ngazi husika Karibu sana Exim Bank,swa,positive,0.8318943381309509,0,0_ya_na_kwa_wa,East Africa,Kenya/Tanzania,Swahili,2026-08-15,337
Hakuna vikwazo tena wakimbizi kurudi kwao gt,swa,neutral,0.7634677886962891,0,0_ya_na_kwa_wa,East Africa,Kenya/Tanzania,Swahili,2026-02-01,187
   Demokrasia ni kupishana mitazamoas u did enzi za JPMKuna wanaosifia na wanaokosoaMarekani kuandamana sio kosa Tuesh,swa,neutral,0.47418731451034546,-1,misc / outlier,East Africa,Kenya/Tanzania,Swahili,2026-05-24,174
   Vile Raisi wa Wapwa akichunguza Baraza lake la Mawaziri CC Waziri Mkuu ,swa,positive,0.6410734057426453,0,0_ya_na_kwa_wa,East Africa,Kenya/Tanzania,Swahili,2026-07-14,242
Kabla hujabadilisha lugha ya kufundishia unatakiwa ubadili lugha ya icho utakacho kwenda kuwafundishavitabu vyote kuanzia vidudu mpaka chuona uwe na hao walimu wakufundisha hayo masomo kwa kiswahili,swa,neutral,0.4920733571052551,0,0_ya_na_kwa_wa,East Africa,Kenya/Tanzania,Swahili,2026-02-23,398
Ni lazima kuelewa kazi ya PESA kwa maana hiyo Kampuni ni Gari na Pesa ni mafuta na hauwezi kufanya chochote bila pesa  Mwandishi wa Vitabu na Muhamasishaji,swa,positive,0.4902811348438263,0,0_ya_na_kwa_wa,East Africa,Kenya/Tanzania,Swahili,2026-04-08,269
   SHAFFIH DAUDA  ni mtu na Nusu Mwamba kabisa UZI Nikiwa chuoni UDOM Ba Economics 2016 wakati n,swa,neutral,0.765579342842102,2,2_tanzania_ya_wa_kenya,East Africa,Kenya/Tanzania,Swahili,2026-04-02,283
   Mchango wao naukumbuka daima Madaktar pamoja na jopo zima linalohusiana na uokoaji wa maisha yetu,swa,positive,0.8595114350318909,0,0_ya_na_kwa_wa,East Africa,Kenya/Tanzania,Swahili,2026-07-16,394
Asante kwa taarifa tunaweza kupata namba ya simu au namba taarifa,swa,positive,0.6994125247001648,0,0_ya_na_kwa_wa,East Africa,Kenya/Tanzania,Swahili,2026-07-30,467
Nyingine pia ni kupiga picha chakula hasa unapokula chakula kizuri ni dalili kuwa umekipata kwa bahati,swa,neutral,0.6808210015296936,-1,misc / outlier,East Africa,Kenya/Tanzania,Swahili,2026-03-21,107
Uhuru MichezoMatokeo ya michezo ya leo Ligi Kuu soka Tanzania Bara,swa,neutral,0.5316174626350403,2,2_tanzania_ya_wa_kenya,East Africa,Kenya/Tanzania,Swahili,2026-07-30,145
   Unaenda sex date condom unaweka chini ya mto unasubiri kuulizwa,swa,neutral,0.8059538006782532,1,1_nini_na_sana_ni,East Africa,Kenya/Tanzania,Swahili,2026-07-25,222
Tunapenda kukufahamisha kwamba tulikuwa na maboresho upande wa tigo pesa lakini huduma za tigo pesa zimerejeshwa tayari unaweza ukatumia huduma kama kawaida,swa,neutral,0.6886394619941711,3,3_tigo_huduma_na_sana,East Africa,Kenya/Tanzania,Swahili,2026-04-21,175
karibu kwenye maduka yetu au kwa mawakala wetu walio karibu na wewe na uweze jipatia laini yako ya Zantel na unapatikana mkoa gani tukuelekeze ni wapi kwa kupata laini yetuasante kwa kuchagua Zantel mtandao nafuu zaidi,swa,neutral,0.6425649523735046,0,0_ya_na_kwa_wa,East Africa,Kenya/Tanzania,Swahili,2026-01-23,216
Taarifa ambazo tumezitoa hapo awali inawezekana kupatia mteja kwa njia hiiJB,swa,neutral,0.7725419402122498,-1,misc / outlier,East Africa,Kenya/Tanzania,Swahili,2026-01-13,128
Karibu sana Weka vocha mara nyingi uwezavyo ujipatie nafasi ya kushinda simu za 4G pesa kirikuu boda na nyingine wajulishe na wengine,swa,positive,0.49949851632118225,0,0_ya_na_kwa_wa,East Africa,Kenya/Tanzania,Swahili,2026-06-30,283
Daktari anaweza kuokoa maisha yako Mwanasheria anaweza kutetea maisha yako Askari anaweza kukupa amani katika maisha yakoLakini ni Mungu tu anayeweza kukupa uzima wa milele,swa,positive,0.9105571508407593,0,0_ya_na_kwa_wa,East Africa,Kenya/Tanzania,Swahili,2026-05-02,26
Hatuna watu wakufanya mchakato huo sahivihili suala lina siasa ndani yaketuiboreshe tu hii tuliyonayo kwanza coz hata yenyewe imetushinda na vitu vyote vipo Imagine ndo tuanze vyetu vipya vya kiswahili,swa,neutral,0.4147811233997345,0,0_ya_na_kwa_wa,East Africa,Kenya/Tanzania,Swahili,2026-02-20,423
   Mi nilijua kuwa unaakili kukbe nawe bwege tu Uchumi wetu haujashuka na ni moja kati ya uchum,swa,neutral,0.6701510548591614,0,0_ya_na_kwa_wa,East Africa,Kenya/Tanzania,Swahili,2026-04-06,148
Ahsante kwa kutembelea ukurasa wetu Tumia Ezypesa ushinde,swa,positive,0.8799395561218262,-1,misc / outlier,East Africa,Kenya/Tanzania,Swahili,2026-05-19,149
NUKUU Mfanyabiashara msikubali kutoa rushwa kwa chombo chochote kwa lengo la kutaka kazi zako zifanywe kwa haraka Kuna umuhimu ya kupitia mapitio yenu katika sekta mbalimbali ili kusaidia kujenga mazingira mazuri Waziri Mkuu Kassim Majaliwa,swa,positive,0.7843574285507202,0,0_ya_na_kwa_wa,East Africa,Kenya/Tanzania,Swahili,2026-08-24,181
   Mchongo ni kucheki afya na kama una VVU mchongo ni kuanza matumizi ya ARV mapema Wataalamu wanasema utaokoa maisha yako,swa,neutral,0.625272274017334,-1,misc / outlier,East Africa,Kenya/Tanzania,Swahili,2026-04-25,423
Habari Ahsante kwa uvumilivu wako pole sana kwa changamoto uliyoipata Huduma ya internet sasa imerejea Tunaendelea kuomba radhi kwa usumbufu uliopata Vodacom tuliahidi kufidia MB zako na tulishakamilisha hilo tangu siku ya tatizo Ahsante,swa,neutral,0.5126669406890869,0,0_ya_na_kwa_wa,East Africa,Kenya/Tanzania,Swahili,2026-02-19,252
Mpendwa Hamad tumezungumza na Jamal ametueleza changamoto anayokutana nayo na kumpatia maelezo ya kutosha ambayo atayafanyia kazi kama una namba yako ambayo haijarudi mpaka leo unaweza kutupatiaJuma,swa,neutral,0.5791463255882263,0,0_ya_na_kwa_wa,East Africa,Kenya/Tanzania,Swahili,2026-03-24,206
Nakujuza kama hujui kuhusu Instagram kuna Emoj hii ukiitumia Kwenye post zako mara kwa Mara Basi account yako unaweza kuipoteza kwa kufutwa kabisa na wamiliki wa instagram,swa,neutral,0.797727644443512,-1,misc / outlier,East Africa,Kenya/Tanzania,Swahili,2026-04-04,170
   City center ofice ni mtu aliposimama hata mhuri wa ikulu unapata haina gharama ngoma inakua nzito mn,swa,neutral,0.7523614764213562,-1,misc / outlier,East Africa,Kenya/Tanzania,Swahili,2026-07-08,257
   Hapa Naliaaaa nna michango minne harusi mwezi ujao halafu wote wamenistua mwezi huu what happened kwenye ile kupea,swa,neutral,0.9022196531295776,-1,misc / outlier,East Africa,Kenya/Tanzania,Swahili,2026-08-18,139
   SAIDIA MWANA APATE MCHONGO Anaemfahamu mchizi wa kuprint MIFUKO achape Handle apo tumuinue kijana mwenzetu ACHA ROHO,swa,neutral,0.8503298163414001,0,0_ya_na_kwa_wa,East Africa,Kenya/Tanzania,Swahili,2026-05-02,446
   Wakikushinda kwa kutumia wewe washinde kwa kuweka akiba,swa,neutral,0.7296978831291199,0,0_ya_na_kwa_wa,East Africa,Kenya/Tanzania,Swahili,2026-01-08,259
TANZIA WATU 7 WAKIWEMO WAFANYAKAZI WATANO WA AZAM TV WAFARIKI AJALINI  Wafanyakazi wengine watatu wamejeruhiwa katika ajili hiyo iliyotokea wakati wakielekea Chato mkoani Geita  Ni baada ya gari walilokuwa,swa,neutral,0.8122105598449707,0,0_ya_na_kwa_wa,East Africa,Kenya/Tanzania,Swahili,2026-06-11,176
   Mkurugenzi Mtendaji wa Benki ya Equity T Robert Kiboti leo kuanzia saa tatu na nusu asubuhi atakuwa mubashara live ka,swa,neutral,0.7927961945533752,0,0_ya_na_kwa_wa,East Africa,Kenya/Tanzania,Swahili,2026-04-16,499
Kutoa Gawio ni suala la kisheriani wajibu kwa mashirika ya Umma yanayofanya biasharapamoja na hiyo haituzuii kuomba mtaji kwa Serikali ili kuongeza nguvu na tuweze kuingia kwenye soko la ushindani,swa,positive,0.4286566376686096,0,0_ya_na_kwa_wa,East Africa,Kenya/Tanzania,Swahili,2026-03-05,104
Eeeh mchezo wa kuloweka sio mzuri jamaa fanya vurugu mechi ila usiache zanaa,swa,neutral,0.6277360916137695,-1,misc / outlier,East Africa,Kenya/Tanzania,Swahili,2026-07-27,335
Vile vile vodacom tuna vifurushi vingi sana kuna vya siku wiki na mwezi ambapo mteja atajiunga kifurushi anachohitaji sawa na matumizi yake au sawa na salio alilonalo kwenye simu yake,swa,neutral,0.5589850544929504,0,0_ya_na_kwa_wa,East Africa,Kenya/Tanzania,Swahili,2026-06-10,252
   Pamoja na kuwanufaisha wanachama 6800 wa vyama hivyo vya ushirika matrekta haya yataendelea kuwanufaisha wakulima wengine wado,swa,neutral,0.601949155330658,0,0_ya_na_kwa_wa,East Africa,Kenya/Tanzania,Swahili,2026-07-16,405
Mambo 5 ya uongo utakayoyasikia kuhusu maisha ya chuo 1 Chuoni hakuna kufeli 2 Chuoni bata 3 Chuoni kila somo lina daftari lake 4 Chuoni bila laptop hutoboi 5 Chuoni usipopata mchumba mume au mke hupati tena,swa,neutral,0.5282377004623413,0,0_ya_na_kwa_wa,East Africa,Kenya/Tanzania,Swahili,2026-04-14,60
   Waziri Mwigulu akisoma Bajeti ya Wizara ya Mambo ya Ndani kwa mwaka 201819 via,swa,positive,0.5712094902992249,0,0_ya_na_kwa_wa,East Africa,Kenya/Tanzania,Swahili,2026-01-11,169
Habari  tunaomba akaunti namba na majina ya uliyemtumiaJuma,swa,neutral,0.7348877787590027,-1,misc / outlier,East Africa,Kenya/Tanzania,Swahili,2026-04-07,98
   Beberu na midevuye hashindi Ngombe thamani,swa,neutral,0.892881453037262,1,1_nini_na_sana_ni,East Africa,Kenya/Tanzania,Swahili,2026-01-09,162
   Katibu Mkuu Wizara ya Fedha amp Mipango wa Serikali ya Mapinduzi Zanzibar Khamis Omar akisaini makabidhiano ya kiufundi ya Mel,swa,positive,0.6885243058204651,0,0_ya_na_kwa_wa,East Africa,Kenya/Tanzania,Swahili,2026-04-29,365
Ntamjibu bimkubwa ntake radhi wale huwa ni wadogo zangu ila Sasa huyu ndo Wife mwenyewe,swa,neutral,0.8311043381690979,0,0_ya_na_kwa_wa,East Africa,Kenya/Tanzania,Swahili,2026-01-17,153
Huwa inauma aisee upost kitu ucpate like Wala comments Unahis Kama ujumbe ujafika Hio ndo changmoto aisee But lengo ni ufurah na ujumbe ufike Kwanza nkimlza kuandika najilike mwenyewe,swa,neutral,0.80741947889328,0,0_ya_na_kwa_wa,East Africa,Kenya/Tanzania,Swahili,2026-07-25,65
   FURSAFURSA DOTTanzania inawaletea mafunzo ya biashara kwa njia ya kidigitali Dijiti mafunzo ni BUREEE kabisaaa,swa,neutral,0.5627692937850952,0,0_ya_na_kwa_wa,East Africa,Kenya/Tanzania,Swahili,2026-08-24,300
Hapanakitambulisho cha kusajilia ni cha Taifa tu,swa,positive,0.5851250886917114,3,3_tigo_huduma_na_sana,East Africa,Kenya/Tanzania,Swahili,2026-01-16,498
   Mwananchi Jumatano Februari 19 2020,swa,neutral,0.667485237121582,0,0_ya_na_kwa_wa,East Africa,Kenya/Tanzania,Swahili,2026-03-07,325
Siku Hizi Mtu akivaa uchi ndio anaambiwa amependeza japo kila mtu ana haki yake ya Kuvaa Lakini inabidi Ufanye Chaguo la mavazi yenye Kupendeza,swa,neutral,0.7236493825912476,0,0_ya_na_kwa_wa,East Africa,Kenya/Tanzania,Swahili,2026-02-19,44
   Nataka kuongea hapa na Rais wetu aliyopo Ikulu anayeitwa kupitia tweets tatu Wana mmelala Can i speak,swa,neutral,0.8915074467658997,0,0_ya_na_kwa_wa,East Africa,Kenya/Tanzania,Swahili,2026-07-11,401
   Tundu alituhadhari ZAMANI sana kuhusu UKABILA na unavyotumiwa Awamu hiiAkapigwa RISASI Na mtu yeyote anayelalamika kuhu,swa,neutral,0.6617530584335327,-1,misc / outlier,East Africa,Kenya/Tanzania,Swahili,2026-01-17,20
   1Jina langu 2Bongo DSM 3Zari la mentari 4Msinitenge 5Nikusaidiaje,swa,neutral,0.8952695727348328,0,0_ya_na_kwa_wa,East Africa,Kenya/Tanzania,Swahili,2026-08-19,204
   TIGO PESA KWENDA CRDB BONYEZA 1 15000 2 HUDUMA FEDHA 3 TIGO PESA KWENDA BANKI 4 CHAGUA CRDB 5 INGIZA NAMBA YA K,swa,neutral,0.8089649081230164,0,0_ya_na_kwa_wa,East Africa,Kenya/Tanzania,Swahili,2026-06-05,370
Tumieni kituo kipya cha redio ya Jamii cha TBC 921 kutangaza kazi zenu za sanaa ikiwemo muzikiDkt Mwakyembe,swa,neutral,0.7018047571182251,-1,misc / outlier,East Africa,Kenya/Tanzania,Swahili,2026-03-28,283
   Hili Ebola ni jambo ambalo mimi sipendi litokee wakati nikiwa Waziri na hata kama nisipokuwa Waziri wa Afya maana tutashi,swa,positive,0.47693395614624023,-1,misc / outlier,East Africa,Kenya/Tanzania,Swahili,2026-04-03,453
wa taarifa hiyo akiwa ameambatana na Katibu Mkuu Dkt Hamisi Mwinyimvua na Menejimenti ya Wizara pamoja na Taasisi zake Wizara ya Nishati kupitia TANESCO inaendelea kutekeleza miradi mbalimbali ya kimkakati ya umeme ikiwemo ya kuzalisha umeme usafirishaji umeme katika,swa,positive,0.744700014591217,-1,misc / outlier,East Africa,Kenya/Tanzania,Swahili,2026-03-11,207
   MVP wa 2019 Baraka Sadick ateuliwa kwenda Nairobi Kenya ,swa,neutral,0.7750501036643982,2,2_tanzania_ya_wa_kenya,East Africa,Kenya/Tanzania,Swahili,2026-03-27,279
Ni kweli tunayo changamoto hiyona sasa kuna maboresho yanafanyikapole sana kwa usumbufu huo,swa,neutral,0.7979432344436646,0,0_ya_na_kwa_wa,East Africa,Kenya/Tanzania,Swahili,2026-06-07,293
Picha na Anerlisa wa Ben Pol zazua gumzo mitandaoni,swa,neutral,0.8268983364105225,-1,misc / outlier,East Africa,Kenya/Tanzania,Swahili,2026-01-12,25
Katibu Mkuu wa Wizara ya Elimu Sayansi na Teknolojia Dk Leonard Akwilapo leo Nov 15 amefungua mkutano wa kwanza wa mwaka wa wadau wa tafiti kwa maendeleo shirikishi,swa,positive,0.4968482553958893,0,0_ya_na_kwa_wa,East Africa,Kenya/Tanzania,Swahili,2026-03-09,204
   Si Asubui Ulisema Wameenda Mwanza Kwasababu Wamenyimwa Ruzuku Miezi 2 Hivyo Hawana Hata Senti Saivi Unapiga Mahesabu Ya Ku,swa,neutral,0.8410367369651794,0,0_ya_na_kwa_wa,East Africa,Kenya/Tanzania,Swahili,2026-07-11,153
 Maisha ni safarimafanikio yapo kwenye kilima,swa,neutral,0.5668540596961975,-1,misc / outlier,East Africa,Kenya/Tanzania,Swahili,2026-07-03,55
Wimbledon Kumenoga Rafael Nadal vs Roger Federer Novak Djockovic vs Roberto Bautista Hapatoshi kwenye Tennis wababe wawili wakimenyana Hapa Federer pale Nadal Nani ataibuka kidedea Cheza ushinde kiulaini,swa,neutral,0.816514253616333,2,2_tanzania_ya_wa_kenya,East Africa,Kenya/Tanzania,Swahili,2026-06-26,3
katika historia ya bunge leo kwa mara ya kwanza bajeti yenye 90 inaenda kwenye miradi ya maendeleo inawasilishwa stay tuned,swa,neutral,0.7201261520385742,2,2_tanzania_ya_wa_kenya,East Africa,Kenya/Tanzania,Swahili,2026-03-23,23
   Hali mbaya mpaka leo nimeona mbu anauma boga lilopikwa eeeh,swa,neutral,0.7586700320243835,1,1_nini_na_sana_ni,East Africa,Kenya/Tanzania,Swahili,2026-08-25,97
KOMESHA UKATILI Kwenye vyombo vya usafiri wa umma,swa,neutral,0.6597650647163391,-1,misc / outlier,East Africa,Kenya/Tanzania,Swahili,2026-03-12,420
   lazima ulowe jasho la uoga Konda atakupitiliza hadi mwisho wa trip,swa,neutral,0.7887887954711914,-1,misc / outlier,East Africa,Kenya/Tanzania,Swahili,2026-03-18,471
Kikosi cha kuleta ubingwa Msimbazi kwa mara ya tano mfululizo,swa,positive,0.6212002635002136,0,0_ya_na_kwa_wa,East Africa,Kenya/Tanzania,Swahili,2026-01-01,243
Makamu Mkuu wa Shule hiyo iliyopo Wilaya ya Ikungi Raphael Malan ameagiza wanafunzi 212 wanaotarajiwa kuanza kidato cha kwanza shuleni hapo kuripoti wakiwa na viti ndoo ndogo na vigoda Amedai shule hiyo inakabiliwa na upungufu wa madawati 392,swa,neutral,0.4434797167778015,0,0_ya_na_kwa_wa,East Africa,Kenya/Tanzania,Swahili,2026-07-04,311
Me niko peace na kila mtu kama unaniheshimuhaijalishi hata kama tunapishana itikadituheshimiane,swa,positive,0.7734614014625549,-1,misc / outlier,East Africa,Kenya/Tanzania,Swahili,2026-07-13,392
Mida ya kupata followers wengi Dondosha handle na retweet Kila mmoja afollow 30 now Tuwe siriazi tuinuane ukweli nafollow back retweet zote,swa,neutral,0.8588188290596008,0,0_ya_na_kwa_wa,East Africa,Kenya/Tanzania,Swahili,2026-06-02,336
   Nani yupo online muda huu tumuinue Weka handle kisha retweets tuupigee mwingi na followers now,swa,neutral,0.9110782146453857,-1,misc / outlier,East Africa,Kenya/Tanzania,Swahili,2026-08-23,30
   Usitukane wakunga na uzazi ungalipo,swa,neutral,0.7196708917617798,3,3_tigo_huduma_na_sana,East Africa,Kenya/Tanzania,Swahili,2026-07-26,403
Mikakati ya ushindi leo tayari tumejiandaa kushangilia leo dhidi ya Kenya yvonnebaldwin airtanzania_atcl,swa,negative,0.687571108341217,2,2_tanzania_ya_wa_kenya,East Africa,Kenya/Tanzania,Swahili,2026-06-12,256
Mimi sijui kwanini mnahusisha pombe na stresspombe ni starehe kama kahawa tuna ukweli usioujua wanaokunywa pombe kutoa stress sio wanywaji wa mara kwa mara,swa,neutral,0.6271970272064209,1,1_nini_na_sana_ni,East Africa,Kenya/Tanzania,Swahili,2026-01-17,465
Machungu boss Wangu,swa,neutral,0.8626345992088318,0,0_ya_na_kwa_wa,East Africa,Kenya/Tanzania,Swahili,2026-01-07,278
   Kuna kampuni ilikuwepo bongo ilikuwa inaitwa JUMIA moja kati ya biashara zao ilikuwa app inaokuruhusu uagize chakula popote u,swa,neutral,0.8198944330215454,3,3_tigo_huduma_na_sana,East Africa,Kenya/Tanzania,Swahili,2026-07-31,313
Mamlaka ya Mawasiliano Tanzania TCRA kwa kushirikiana na watoa huduma za mawasiliano ya simu wanakutangazia kuwa kuanzia MEI MOSI mwaka huu 2019 watumiaji wote wa simu za mkononi,swa,neutral,0.4953782856464386,2,2_tanzania_ya_wa_kenya,East Africa,Kenya/Tanzania,Swahili,2026-03-01,192
   Ni Moja Ya VegasGames Za Casino Zinazolipa Sana Unaweza Kucheza Kwa Kuanzia Dau La Tsh 30 Na Kuendelea Ma,swa,neutral,0.896798849105835,0,0_ya_na_kwa_wa,East Africa,Kenya/Tanzania,Swahili,2026-01-28,315
   Tuna utajiri mkubwa Sana wa mawazo Ila namna yakuwasilisha na kuyafanyia kazi ndo kinachotufelisha,swa,neutral,0.547453761100769,3,3_tigo_huduma_na_sana,East Africa,Kenya/Tanzania,Swahili,2026-05-02,75
Me na faili za hospital tu,swa,neutral,0.8307098150253296,1,1_nini_na_sana_ni,East Africa,Kenya/Tanzania,Swahili,2026-07-03,320
Speed 120 yaani shaa kimya kimya Pini zinaongozana mbele Benz nyuma Bima Watu shh Wanabambia kimya kimya Mpaka chumvini wanazama ile ile kimya kimya Break ma holiday inner Shh kimya kimya Ka vipi tumeshafika park gari kimya kimya,swa,negative,0.5234047770500183,0,0_ya_na_kwa_wa,East Africa,Kenya/Tanzania,Swahili,2026-04-30,344
Tutoke kwenye police force tuhamie kwenye police serviceAskari wetu wanatumia nguvu kwenye kila kitu hadi kuagiza bia bar,swa,neutral,0.7788313627243042,0,0_ya_na_kwa_wa,East Africa,Kenya/Tanzania,Swahili,2026-07-18,356
   Watu sita wamefariki dunia usiku wa kuamkia leo mkoani Tanga baada ya gari aina ya Noah kutumbukia mtoni eneo la Sindeni,swa,neutral,0.5210198760032654,0,0_ya_na_kwa_wa,East Africa,Kenya/Tanzania,Swahili,2026-04-09,352
   Wakati mwingine wakituambiamambo vipitunajibu Safi tuMaana hata tukiwaambia mbaya hawana habari na sisi,swa,neutral,0.7148463129997253,0,0_ya_na_kwa_wa,East Africa,Kenya/Tanzania,Swahili,2026-07-22,305
   Chama Cha Demokrasia na Maendeleo CHADEMA mkoa wa Mara wamebaini mchezo mchafu wa kununua madiwani wake wakidai k,swa,neutral,0.4778823256492615,-1,misc / outlier,East Africa,Kenya/Tanzania,Swahili,2026-03-06,448
Tumepokea taarifa yako nasi tunafanyiakazi tutawasiliana na wewe hivi punde EC,swa,neutral,0.8021249175071716,0,0_ya_na_kwa_wa,East Africa,Kenya/Tanzania,Swahili,2026-08-22,348
   Tunapokea malipo kwa kupitia njia mbalimbali kama inavyoonekana hapo Kwanini upate shida,swa,neutral,0.6125308275222778,-1,misc / outlier,East Africa,Kenya/Tanzania,Swahili,2026-04-21,42
   Kwa sasa siwezi kuifundisha Yanga nataka kupumzika kwanza Kuna timu tatu zilikuwa zinanihitaji nimekataa kuna timu ya Za,swa,neutral,0.7990994453430176,0,0_ya_na_kwa_wa,East Africa,Kenya/Tanzania,Swahili,2026-07-28,108
   Dar to Kigoma ni Karibu ila sasa Kigoma to Dar ni mbali aiseeafu tren sasaumelipa Go and Return,swa,neutral,0.9133638143539429,0,0_ya_na_kwa_wa,East Africa,Kenya/Tanzania,Swahili,2026-05-07,20
Habari Ahsante kwa uvumilivu wako pole sana kwa changamoto uliyoipata Huduma ya internet sasa imerejea Tunaendelea kuomba radhi kwa usumbufu uliopata Ahsante kwa kuchagua Vodacom LL,swa,neutral,0.5520360469818115,0,0_ya_na_kwa_wa,East Africa,Kenya/Tanzania,Swahili,2026-02-03,341
   hawezi kumtia mtu moyo katika kipindi kigumu amejikuta anapitia vipindi viwili vigumu kwa waka,swa,neutral,0.8142583966255188,0,0_ya_na_kwa_wa,East Africa,Kenya/Tanzania,Swahili,2026-08-26,324
   Sisi 4 Mbeya City 0,swa,neutral,0.89683997631073,0,0_ya_na_kwa_wa,East Africa,Kenya/Tanzania,Swahili,2026-05-08,234
   Kipindi nimerudi nyumbani Tabora nilifikia kwa baba mzazi japo walikwisha tengana na mama Nakumbuka mama aliniambia yule,swa,neutral,0.7380619645118713,0,0_ya_na_kwa_wa,East Africa,Kenya/Tanzania,Swahili,2026-02-16,320
Namba hii imesajiliwa kwa jina la PAULINE MKUNGU tarehe 2252017 kwa namba zote mpya hazisomi hadi zisajiliwe kwa alama ya vidole ila namba za zamani zitaendelea kusoma na wateja wamepewa muda hadi 30 December,swa,neutral,0.44346192479133606,0,0_ya_na_kwa_wa,East Africa,Kenya/Tanzania,Swahili,2026-01-03,390
Ingia hapa upakue app ya Twenzao hii itakusaidia kupata usafiri ukiwa town na pia safari za mikoaniinakutanisha wenye ndinga na wasio na ndinga kisha mnashea ndinga kupunguza gharama,swa,neutral,0.6271243095397949,0,0_ya_na_kwa_wa,East Africa,Kenya/Tanzania,Swahili,2026-07-25,89
Ofa ya saba saba itaisha tarehe 3072019,swa,neutral,0.8434607982635498,3,3_tigo_huduma_na_sana,East Africa,Kenya/Tanzania,Swahili,2026-08-27,51
   Mubashara Fuatilia matangazo ya moja kwa moja Siku ya kwanza ya Mkutano wa kwanza wakimataifa wa Uwekezaji katika Sekt,swa,positive,0.508755624294281,0,0_ya_na_kwa_wa,East Africa,Kenya/Tanzania,Swahili,2026-07-09,339
ili kiweze kuwa kituo kikuu cha ubunifu Mkoani Njombe na Kanda ya Nyanda za Juu Kusini huku pia akiitaka Tume ya Sayansi na Teknolojia kuhakikisha inawatambua wabunifu kutoka sekta mbalimbali waliopo nchini Mratibu wa masuala ya Habari na maarifa kutoka COSTECH Bw,swa,neutral,0.5694664716720581,0,0_ya_na_kwa_wa,East Africa,Kenya/Tanzania,Swahili,2026-03-19,92
Habari Ramadhan Chuma Ahsante kwa kuwasilian nasiTunapenda kukufahamisha kwamba ili kujiunga na kifurushi cha meseji bonyeza 14901 kisha chagua namba 3 nunua bando kisha chagua namba 6 SMS ili kujiunganmisha na kifurushiAhsante J,swa,positive,0.6741383075714111,0,0_ya_na_kwa_wa,East Africa,Kenya/Tanzania,Swahili,2026-07-30,445
Habari tafadhali rejea mazungumzo yetu kwa nia ya simu suala lako tunalifanyia kaziKA,swa,neutral,0.6489015221595764,0,0_ya_na_kwa_wa,East Africa,Kenya/Tanzania,Swahili,2026-06-27,18
   Utabiri wa Hali ya Hewa wa saa 24 zijazo kuanzia saa 3 usiku wa leo 02042019 Unaletwa kwenu na Mariana Materu,swa,neutral,0.7789390683174133,0,0_ya_na_kwa_wa,East Africa,Kenya/Tanzania,Swahili,2026-07-17,215
   Utabiri wa hali ya hewa wa saa 24 zijazo kuanzia saa 3 usiku wa leo 29052018 kama unavyoletwa kwenu na mchambuzi Godfre,swa,neutral,0.6800554990768433,0,0_ya_na_kwa_wa,East Africa,Kenya/Tanzania,Swahili,2026-02-08,396
HemedyAli Kupata huduma za chuo tafadhali piga 14805 kisha fuata maelekezo kujiunga Ahsante,swa,neutral,0.7938377261161804,0,0_ya_na_kwa_wa,East Africa,Kenya/Tanzania,Swahili,2026-06-05,51
